gutenberg_id,title,author
8492,The King in Yellow,"Chambers, Robert W. (Robert William)"
2148,The Works of Edgar Allan Poe — Volume 2,"Poe, Edgar Allan"
2814,Dubliners,"Joyce, James"
3090,Complete Original Short Stories of Guy De Maupassant,"Maupassant, Guy de"
57333,Project Gutenberg Compilation of Short Stories by Chekhov,"Chekhov, Anton Pavlovich"
236,The Jungle Book,"Kipling, Rudyard"
16433,The Gay Cockade,"Bailey, Temple"
902,"The Happy Prince, and Other Tales","Wilde, Oscar"
24151,The Sky Trap,"Long, Frank Belknap"
2781,Just so stories,"Kipling, Rudyard"
29418,The Man from Time,"Long, Frank Belknap"
375,An Occurrence at Owl Creek Bridge,"Bierce, Ambrose"
27200,Fairy Tales of Hans Christian Andersen,"Andersen, H. C. (Hans Christian)"
21279,2 B R 0 2 B,"Vonnegut, Kurt"
31516,The Eyes Have It,"Dick, Philip K."
7256,The Gift of the Magi,"Henry, O."
1429,"The Garden Party, and Other Stories","Mansfield, Katherine"
6133,"The Extraordinary Adventures of Arsène Lupin, Gentleman-Burglar","Leblanc, Maurice"
512,Mosses from an old manse,"Hawthorne, Nathaniel"
25525,"The Works of Edgar Allan Poe, The Raven Edition: Table Of Contents And Index Of The Five Volumes","Poe, Edgar Allan"
932,The Fall of the House of Usher,"Poe, Edgar Allan"
13437,Best Russian Short Stories,
3186,"The Mysterious Stranger, and Other Stories","Twain, Mark"
2518,"The Hungry Stones, and Other Stories","Tagore, Rabindranath"
45524,The Open Boat and Other Stories,"Crane, Stephen"
33525,Stories from Tagore,"Tagore, Rabindranath"
76108,The Salem horror,"Kuttner, Henry"
40745,Short Stories,"Dostoyevsky, Fyodor"
22091,"The Best Short Stories of 1920, and the Yearbook of the American Short Story",
76171,Derelicts of the hills,"Tuttle, W. C. (Wilbur C.)"
55024,"The Queen of Spades, and other stories","Pushkin, Aleksandr Sergeevich"
76156,Altitude,"Jamieson, Leland"
23218,The Red Room,"Wells, H. G. (Herbert George)"
43629,Strange Stories from a Chinese Studio (Volumes 1 and 2),"Pu, Songling"
773,"Lord Arthur Savile's Crime; The Portrait of Mr. W.H., and Other Stories","Wilde, Oscar"
76113,The horror in the burying-ground,"Lovecraft, H. P. (Howard Phillips); Heald, Hazel"
62940,Mrs. Spring Fragrance,Sui Sin Far
2776,The Four Million,"Henry, O."
10947,The Best American Humorous Short Stories,
76153,The stone dragon and other tragic romances,"Gilchrist, Murray"
13707,Twice-told tales,"Hawthorne, Nathaniel"
51461,A Pail of Air,"Leiber, Fritz"
76115,Picture stuff,"Whitfield, Raoul"
55283,"The Bet, and other stories","Chekhov, Anton Pavlovich"
76114,The artificial man,"Harris, Clare Winger"
29432,The Man the Martians Made,"Long, Frank Belknap"
3080,Original Short Stories — Volume 04,"Maupassant, Guy de"
10150,Dracula's Guest,"Stoker, Bram"
21327,"The Works of Guy de Maupassant, Vol. 1: Boule de Suif and Other Stories","Maupassant, Guy de"
710,"Love of Life, and Other Stories","London, Jack"
76112,Vallisneria madness,"Farley, Ralph Milne"
64820,The Vibration Wasps,"Long, Frank Belknap"
9363,The Best British Short Stories of 1922,
28076,"Original Short Stories, Complete, Volumes 1-13: An Index to All Stories","Maupassant, Guy de"
15381,Victorian Short Stories: Stories of Courtship,
12732,A collection of short-stories,
2150,The Works of Edgar Allan Poe — Volume 4,"Poe, Edgar Allan"
76128,Anton's last dream,"Baird, Edwin"
689,The Kreutzer Sonata and Other Stories,"Tolstoy, Leo, graf"
15859,The Piazza Tales,"Melville, Herman"
32633,Time Enough at Last,"Venable, Lyn"
41562,The Hanging Stranger,"Dick, Philip K."
26463,"The Garden Party, and Other Stories","Mansfield, Katherine"
44385,"Bliss, and other stories","Mansfield, Katherine"
72890,"The eternal moment, and other stories","Forster, E. M. (Edward Morgan)"
4368,Flappers and Philosophers,"Fitzgerald, F. Scott (Francis Scott)"
1732,"The Schoolmistress, and Other Stories","Chekhov, Anton Pavlovich"
30123,Micromegas,Voltaire
76082,One jump ahead,"Humphreys, Ray"
8486,Ghost Stories of an Antiquary,"James, M. R. (Montague Rhodes)"
456,"The Door in the Wall, and Other Stories","Wells, H. G. (Herbert George)"
20872,"The Best Short Stories of 1917, and the Yearbook of the American Short Story",
269,Beasts and Super-Beasts,Saki
12750,The Stolen Bacillus and Other Incidents,"Wells, H. G. (Herbert George)"
2305,A Set of Six,"Conrad, Joseph"
6695,Tales of the Jazz Age,"Fitzgerald, F. Scott (Francis Scott)"
1202,Tales of Unrest,"Conrad, Joseph"
20039,Ghost Stories of an Antiquary,"James, M. R. (Montague Rhodes)"
23661,The Book of Dragons,"Nesbit, E. (Edith)"
56665,Tales and Stories: Now First Collected,"Shelley, Mary Wollstonecraft"
36238,"The Mantle, and Other Stories","Gogol, Nikolai Vasilevich"
69683,Men without women,"Hemingway, Ernest"
1477,"The Toys of Peace, and Other Papers",Saki
43628,"Strange Stories from a Chinese Studio, Vol. 2 (of 2)","Pu, Songling"
1197,"Taras Bulba, and Other Tales","Gogol, Nikolai Vasilevich"
32488,Just so stories,"Kipling, Rudyard"
74548,"Great short stories, Volume 1 (of 3) : $b Detective stories",
68291,"Studying the short-story: Sixteen short-story classics with introductions, notes and a new laboratory study method for individual reading and use in colleges and schools.",
31754,Devil Stories: An Anthology,
65974,"Carry On, Jeeves","Wodehouse, P. G. (Pelham Grenville)"
60283,The Birds and the Bees,"Fisher, David E."
6765,"Mogens, and Other Stories","Jacobsen, J. P. (Jens Peter)"
18728,The Well of Saint Clare,"France, Anatole"
3250,"How to Tell a Story, and Other Essays","Twain, Mark"
59603,Three Stories & Ten Poems,"Hemingway, Ernest"
1883,"The Wife, and Other Stories","Chekhov, Anton Pavlovich"
24878,"Lucy Maud Montgomery Short Stories, 1909 to 1922","Montgomery, L. M. (Lucy Maud)"
76127,Duar the accursed,"Ball, Clifford"
15143,Famous Modern Ghost Stories,
61085,In our time,"Hemingway, Ernest"
1916,"The Great Stone Face, and Other Tales of the White Mountains","Hawthorne, Nathaniel"
17860,Stories from Hans Andersen,"Andersen, H. C. (Hans Christian)"
1312,Selected Stories of Bret Harte,"Harte, Bret"
67173,The Missing Will,"Christie, Agatha"
23445,"The Best Short Stories of 1919, and the Yearbook of the American Short Story",
32046,"Tales from the German, Comprising specimens from the most celebrated authors",
593,"A Selection from the Writings of Guy De Maupassant, Vol. I","Maupassant, Guy de"
3688,The Chronicles of Clovis,Saki
13505,The Duel and Other Stories,"Chekhov, Anton Pavlovich"
28554,Beyond Lies the Wub,"Dick, Philip K."
68085,"Short stories from Life: The 81 prize stories in ""Life's"" Shortest Story Contest",
142,"The $30,000 Bequest, and Other Stories","Twain, Mark"
3707,"The Trimmed Lamp, and Other Stories of the Four Million","Henry, O."
5777,Life's Handicap: Being Stories of Mine Own People,"Kipling, Rudyard"
7471,"The Man with Two Left Feet, and Other Stories","Wodehouse, P. G. (Pelham Grenville)"
20049,Great Big Treasury of Beatrix Potter,"Potter, Beatrix"
63107,Mrs Dalloway in Bond Street,"Woolf, Virginia"
55307,"The Black Monk, and Other Stories","Chekhov, Anton Pavlovich"
1743,Twelve Stories and a Dream,"Wells, H. G. (Herbert George)"
645,The Figure in the Carpet,"James, Henry"
50543,Short Stories for High Schools,
66446,The Plymouth Express Affair,"Christie, Agatha"
2597,Mrs. Skagg's Husbands and Other Stories,"Harte, Bret"
63230,Two Stories,"Woolf, Virginia; Woolf, Leonard"
2334,The Works of Rudyard Kipling: One Volume Edition,"Kipling, Rudyard"
67160,The Hunter's Lodge Case,"Christie, Agatha"
39635,"The Best Short Stories of 1918, and the Yearbook of the American Short Story",
67650,"Tales of the Samurai: Stories Illustrating Bushido, the Moral Principles of the Japanese Knighthood","Miyamori, Asataro"
56878,"First love, and other stories","Turgenev, Ivan Sergeevich"
2429,Lost Face,"London, Jack"
30120,"The Happy Prince, and Other Tales","Wilde, Oscar"
4366,Can Such Things Be?,"Bierce, Ambrose"
24873,"Lucy Maud Montgomery Short Stories, 1896 to 1901","Montgomery, L. M. (Lucy Maud)"
43627,"Strange Stories from a Chinese Studio, Vol. 1 (of 2)","Pu, Songling"
30240,The Big Trip Up Yonder,"Vonnegut, Kurt"
12758,Library of the World's Best Mystery and Detective Stories,
55219,The Prose Tales of Alexander Pushkin,"Pushkin, Aleksandr Sergeevich"
50921,"$1,000 a Plate","McKenty, Jack"
12336,Brown Wolf and Other Jack London Stories: Chosen and Edited By Franklin K. Mathiews,"London, Jack"
62942,Modern Short Stories: A Book for High Schools,
74549,"Great short stories, Volume 2 (of 3) : $b Ghost stories",
34089,"The Celestial Omnibus, and Other Stories","Forster, E. M. (Edward Morgan)"
26249,The Light Princess,"MacDonald, George"
20831,Short Stories of Various Types,
23172,"The Damned Thing: 1898, From ""In the Midst of Life""","Bierce, Ambrose"
21523,"The King in Yellow, Part 1","Chambers, Robert W. (Robert William)"
1069,Four Short Stories By Emile Zola,"Zola, Émile"
50766,The Snowball Effect,"MacLean, Katherine"
18709,"The Best Short Stories of 1921, and the Yearbook of the American Short Story",
1944,"The Witch, and Other Stories","Chekhov, Anton Pavlovich"
38616,Where Love is There God is Also,"Tolstoy, Leo, graf"
13260,Droll Stories — Complete: Collected from the Abbeys of Touraine,"Balzac, Honoré de"
37286,Tales From Jókai,"Jókai, Mór"
2038,The Lock and Key Library: Classic Mystery and Detective Stories: Modern English,
873,A House of Pomegranates,"Wilde, Oscar"
2715,The Real Thing and Other Tales,"James, Henry"
16578,The Kipling Reader: Selections from the Books of Rudyard Kipling,"Kipling, Rudyard"
34757,"Mashi, and Other Stories","Tagore, Rabindranath"
26574,"The Extraordinary Adventures of Arsène Lupin, Gentleman-Burglar","Leblanc, Maurice"
1858,Plain Tales from the Hills,"Kipling, Rudyard"
18464,"The Wit and Humor of America, Volume I. (of X.)",
22893,Pygmalion's Spectacles,"Weinbaum, Stanley G. (Stanley Grauman)"
26223,Just so stories,"Kipling, Rudyard"
1646,Roads of Destiny,"Henry, O."
24811,Viking Tales,"Hall, Jennie"
8649,Indian Tales,"Kipling, Rudyard"
2791,Essays and Tales,"Addison, Joseph"
24879,"Curious, if True: Strange Tales","Gaskell, Elizabeth Cleghorn"
396,"The Lady, or the Tiger?","Stockton, Frank R."
294,"The Captain of the Polestar, and Other Tales","Doyle, Arthur Conan"
2545,"When God Laughs, and Other Stories","London, Jack"
59774,Thirty Strange Stories,"Wells, H. G. (Herbert George)"
10577,International Short Stories: French,
24874,"Lucy Maud Montgomery Short Stories, 1902 to 1903","Montgomery, L. M. (Lucy Maud)"
18465,"The Wit and Humor of America, Volume II. (of X.)",
30568,"Kipling Stories and Poems Every Child Should Know, Book II","Kipling, Rudyard"
32832,Piper in the Woods,"Dick, Philip K."
39716,Nathaniel Hawthorne,"Hawthorne, Nathaniel"
60698,Bargain Basement,"Fontenay, Charles L."
18734,"The Wit and Humor of America, Volume III. (of X.)",
75896,Arsène Lupin intervenes,"Leblanc, Maurice"
7144,While the Billy Boils,"Lawson, Henry"
24875,"Lucy Maud Montgomery Short Stories, 1904","Montgomery, L. M. (Lucy Maud)"
20303,"The Best Short Stories of 1915, and the Yearbook of the American Short Story",
35997,The Jungle Book,"Kipling, Rudyard"
28636,The Grey Woman and other Tales,"Gaskell, Elizabeth Cleghorn"
701,The King of the Golden River,"Ruskin, John"
1338,Selected Prose of Oscar Wilde,"Wilde, Oscar"
4357,American Fairy Tales,"Baum, L. Frank (Lyman Frank)"
55473,"Kotto: Being Japanese Curios, with Sundry Cobwebs","Hearn, Lafcadio"
243,"The forged coupon, and other stories","Tolstoy, Leo, graf"
306,The Early Short Fiction of Edith Wharton — Part 2,"Wharton, Edith"
32845,International Short Stories: American,
10135,"The Great English Short-Story Writers, Volume 1",
29614,The Game of Rat and Dragon,"Linebarger, Paul Myron Anthony"
4514,Tales of Men and Ghosts,"Wharton, Edith"
61309,Road Stop,"Mason, David"
28726,The Boy Scouts Book of Stories,
30255,The Skull,"Dick, Philip K."
556,Rewards and Fairies,"Kipling, Rudyard"
29579,Watchbird,"Sheckley, Robert"
8914,"England, My England","Lawrence, D. H. (David Herbert)"
58433,The Light Invisible,"Benson, Robert Hugh"
22480,The Prussian Officer,"Lawrence, D. H. (David Herbert)"
66871,"The Doves' Nest, and Other Stories","Mansfield, Katherine"
15868,"The Man Without a Country, and Other Tales","Hale, Edward Everett"
1029,The Night-Born,"London, Jack"
64264,Zero Hour,"Bradbury, Ray"
24349,Coming Home: 1916,"Wharton, Edith"
33707,Yiddish Tales,
51314,"In Bad Company, and other stories","Boldrewood, Rolf"
40321,Grim Tales,"Nesbit, E. (Edith)"
3181,The Stolen White Elephant,"Twain, Mark"
71565,The men return,"Vance, Jack"
40718,Atlantic Narratives: Modern Short Stories; Second Series,"Donnell, Annie Hamilton; Norris, Kathleen Thompson; Wyatt, Edith; Nicholson, Meredith; Antin, Mary; De la Roche, Mazo; Comer, Cornelia A. P. (Cornelia Atwood Pratt); Ashe, Elizabeth; Montague, Margaret Prescott; Carman, Kathleen; Dunning, James Edmund; Eastman, Rebecca Hooper; Ganoe, William Addleman; Huffaker, Lucy; Husband, Joseph; Kemper, S. H.; Krysto, Christina; Mackubin, Ellen; Mirrielees, Edith Ronald; Morlae, Edward; Portor, Laura Spencer; Pratt, Lucy; Singmaster, Elsie; Townsend, Charles Haskins"
45450,Fern Leaves from Fanny's Port-folio. Second Series,"Fern, Fanny"
60339,Visible and Invisible,"Benson, E. F. (Edward Frederic)"
68604,Europe and elsewhere,"Twain, Mark"
72421,"The room in the tower, and other stories","Benson, E. F. (Edward Frederic)"
27085,Rootabaga Stories,"Sandburg, Carl"
163,Flower Fables,"Alcott, Louisa May"
1089,"Moon-Face, and Other Stories","London, Jack"
2851,Sixes and Sevens,"Henry, O."
60904,A Book,"Barnes, Djuna"
3251,"The Man That Corrupted Hadleyburg, and Other Stories","Twain, Mark"
22439,"The King in Yellow, Part 2","Chambers, Robert W. (Robert William)"
68377,Let's Get Together,"Asimov, Isaac"
1617,"The Wind in the Rose-Bush, and Other Stories of the Supernatural","Freeman, Mary Eleanor Wilkins"
27903,The Magic World,"Nesbit, E. (Edith)"
25523,Old Junk,"Tomlinson, H. M. (Henry Major)"
20387,A Thin Ghost and Others,"James, M. R. (Montague Rhodes)"
29621,Wild Justice: Stories of the South Seas,"Osbourne, Lloyd"
53861,"The Apple-Tree Table, and Other Sketches","Melville, Herman"
45964,Day and Night Stories,"Blackwood, Algernon"
23207,Americans All: Stories of American Life of To-Day,
30700,"The Works of Robert Louis Stevenson - Swanston Edition, Vol. 04","Stevenson, Robert Louis"
46650,Bayou Folk,"Chopin, Kate"
21655,"The works of Guy de Maupassant, Vol. 5: Une Vie and Other Stories","Maupassant, Guy de"
3077,Original Short Stories — Volume 01,"Maupassant, Guy de"
27462,The Last Evolution,"Campbell, John W., Jr. (John Wood)"
70222,Meet Mr Mulliner,"Wodehouse, P. G. (Pelham Grenville)"
346,"The Troll Garden, and Selected Stories","Cather, Willa"
359,Good Stories for Great Holidays: Arranged for Story-Telling and Reading Aloud and for the Children's Own Reading,"Olcott, Frances Jenkins"
2777,Cabbages and Kings,"Henry, O."
3082,Original Short Stories — Volume 06,"Maupassant, Guy de"
47642,"The Strand Magazine, Vol. 27, February 1904, No. 159.",Various
1467,Some Christmas Stories,"Dickens, Charles"
1626,After Dark,"Collins, Wilkie"
3078,Original Short Stories — Volume 02,"Maupassant, Guy de"
7956,Married,"Strindberg, August"
54109,Round the Fire Stories,"Doyle, Arthur Conan"
582,A Collection of Beatrix Potter Stories,"Potter, Beatrix"
59556,Communication,"Fontenay, Charles L."
42232,A Child's Dream of a Star,"Dickens, Charles"
48452,"The Old House, and Other Tales","Sologub, Fyodor"
513,"The snow-image, and other twice-told tales","Hawthorne, Nathaniel"
9629,Ghost Stories of an Antiquary Part 2: More Ghost Stories,"James, M. R. (Montague Rhodes)"
38310,"The Wolves of God, and Other Fey Stories","Blackwood, Algernon; Wilson, Wilfred"
60625,Uncle Wiggily's Story Book,"Garis, Howard Roger"
21964,The Short-story,
54895,Limbo,"Huxley, Aldous"
46830,The Roadmender,"Fairless, Michael"
67071,The Star,"Wells, H. G. (Herbert George)"
1595,Whirligigs,"Henry, O."
9231,"Earth's Holocaust (From ""Mosses from an Old Manse"")","Hawthorne, Nathaniel"
17376,"The Works of Guy de Maupassant, Volume 3","Maupassant, Guy de"
21040,Brazilian Tales,"Albuquerque, Medeiros e; Coelho Netto, Henrique; Dolores, Carmen; Machado de Assis"
68229,All the Sad Young Men,"Fitzgerald, F. Scott (Francis Scott)"
50597,"Flute and Violin, and Other Kentucky Tales and Romances","Allen, James Lane"
38531,"The Beckoning Hand, and Other Stories","Allen, Grant"
5779,"The Crushed Flower, and Other Stories","Andreyev, Leonid"
37432,Short Stories of the New America: Interpreting the America of this age to high school boys and girls,
42989,"The Plattner Story, and Others","Wells, H. G. (Herbert George)"
32846,International Short Stories: English,
2598,Urban Sketches,"Harte, Bret"
3047,Life's Little Ironies: A set of tales with some colloquial sketches entitled A Few Crusted Characters,"Hardy, Thomas"
33854,Ask a Foolish Question,"Sheckley, Robert"
32946,Where the Pavement Ends,"Russell, John"
10095,"The Twilight of the Gods, and Other Tales","Garnett, Richard"
19362,In the year 2889,"Verne, Jules; Verne, Michel"
75823,By beach and bog-land : $b Some Irish stories,"Barlow, Jane"
75913,No stop-overs,"Thompson, John A."
23960,...After a Few Words...,"Garrett, Randall"
29132,The Gun,"Dick, Philip K."
70034,The stainless steel rat,"Harrison, Harry"
75905,The King's Messenger,"Crawford, F. Marion (Francis Marion)"
2004,Pigs is Pigs,"Butler, Ellis Parker"
13739,"Shandygaff: A number of most agreeable Inquirendoes upon Life & Letters, interspersed with Short Stories & Skits, the whole most Diverting to the Reader","Morley, Christopher"
9243,"The Wives of the Dead: (From: ""The Snow Image and Other Twice-Told Tales"")","Hawthorne, Nathaniel"
24877,"Lucy Maud Montgomery Short Stories, 1907 to 1908","Montgomery, L. M. (Lucy Maud)"
59892,"Changeling, and Other Stories","Byrne, Donn"
572,The Great Big Treasury of Beatrix Potter,"Potter, Beatrix"
3806,"A Modern Cinderella; Or, The Little Old Shoe, and Other Stories","Alcott, Louisa May"
7114,"Une Vie, a Piece of String and Other Stories","Maupassant, Guy de"
59165,Uncanny Stories,"Sinclair, May"
32067,Atom Drive,"Fontenay, Charles L."
75363,The eater of souls,"Kuttner, Henry"
57006,The Freaks of Mayfair,"Benson, E. F. (Edward Frederic)"
68619,"Short story classics (Foreign), Vol. 1, Russian",
56870,Tales from Gorky,"Gorky, Maksim"
329,Island Nights' Entertainments,"Stevenson, Robert Louis"
788,The Red One,"London, Jack"
75827,"Lukundoo, and other stories","White, Edward Lucas"
22662,The Mummy's Foot,"Gautier, Théophile"
66831,"Modern Essays and Stories: A book to awaken appreciation of modern prose, and to develop ability and originality in writing",
3083,Original Short Stories — Volume 07,"Maupassant, Guy de"
40386,Wandering ghosts,"Crawford, F. Marion (Francis Marion)"
32914,Tales of South Africa,"Bryden, H. A. (Henry Anderson)"
35879,The Rotifers,"Abernathy, Robert"
60520,The Marrying Man,"Farrell, Joseph"
872,Reprinted Pieces,"Dickens, Charles"
33813,Rodman the Keeper: Southern Sketches,"Woolson, Constance Fenimore"
50876,Earthbound,"Del Rey, Lester"
58099,Mother of Pearl,"France, Anatole"
3084,Original Short Stories — Volume 08,"Maupassant, Guy de"
9790,Traffics and Discoveries,"Kipling, Rudyard"
24876,"Lucy Maud Montgomery Short Stories, 1905 to 1906","Montgomery, L. M. (Lucy Maud)"
1415,Doctor Marigold,"Dickens, Charles"
19989,Story-Tell Lib,"Slosson, Annie Trumbull"
44818,Christ Legends,"Lagerlöf, Selma"
59332,Abaft the Funnel,"Kipling, Rudyard"
25586,"A Collection of Stories, Reviews and Essays","Cather, Willa"
839,New Arabian Nights,"Stevenson, Robert Louis"
73575,The hounds of Tindalos,"Long, Frank Belknap"
19325,"The Wit and Humor of America, Volume VII. (of X.)",
55431,Old Man Savarin Stories: Tales of Canada and Canadians,"Thomson, Edward William"
55471,The Black Lion Inn,"Lewis, Alfred Henry"
2043,The Lock and Key Library: The most interesting stories of all nations: American,
18509,Nick Baba's Last Drink and Other Sketches,"Goff, George Paul"
20229,Stories of Comedy,
57277,A Dreamer's Tales,"Dunsany, Lord"
14129,"The Works of Charles Lamb in Four Volumes, Volume 4","Lamb, Charles"
68831,Il Novellino: The hundred old tales,
3079,Original Short Stories — Volume 03,"Maupassant, Guy de"
29948,Two Timer,"Brown, Fredric"
3389,Literature and Life (Complete),"Howells, William Dean"
17669,"The Three Brides, Love in a Cottage, and Other Tales","Durivage, Francis A. (Francis Alexander)"
25519,Little Wizard Stories of Oz,"Baum, L. Frank (Lyman Frank)"
18713,Violets and Other Tales,"Dunbar-Nelson, Alice Moore"
23534,...Or Your Money Back,"Garrett, Randall"
36258,The Beautiful People,"Beaumont, Charles"
51008,Two Weeks in August,"Robinson, Frank M."
55577,Tales of Two Countries,"Gorky, Maksim"
508,Twice-Told Tales,"Hawthorne, Nathaniel"
19909,Good Cheer Stories Every Child Should Know,
1633,"The Brick Moon, and Other Stories","Hale, Edward Everett"
29561,In a Little Town,"Hughes, Rupert"
27523,Masterpieces of Mystery in Four Volumes: Detective Stories,
52590,The Night Club,"Jenkins, Herbert George"
36712,The Best Psychic Stories,
22069,"The Works of Guy de Maupassant, Volume VIII.","Maupassant, Guy de"
46694,Under Sail,"Colcord, Lincoln"
59015,"The Shadowy Third, and Other Stories","Glasgow, Ellen Anderson Gholson"
4519,The Descent of Man and Other Stories,"Wharton, Edith"
694,Stories from Everybody's Magazine,Various
1716,"The Copy-Cat, and Other Stories","Freeman, Mary Eleanor Wilkins"
2639,"Villa Rubein, and Other Stories","Galsworthy, John"
38575,Strange Stories,"Allen, Grant"
34574,"In Love With the Czarina, and Other Stories","Jókai, Mór"
35770,The Hero,"Wilber, Elaine"
57322,"The Bellman Book of Fiction, 1906-1919",
59368,Juvenile Delinquent,"Ludwig, Edward W."
66881,"A Warning to the Curious, and Other Ghost Stories","James, M. R. (Montague Rhodes)"
292,"Beauty and the Beast, and Tales of Home","Taylor, Bayard"
17377,"The Works of Guy de Maupassant, Volume 4","Maupassant, Guy de"
65252,Captures,"Galsworthy, John"
68553,The festival,"Lovecraft, H. P. (Howard Phillips)"
6073,"Smith and the Pharaohs, and other Tales","Haggard, H. Rider (Henry Rider)"
51919,"Rancho Del Muerto, and Other Stories of Adventure: by Various Authors, from ""Outing""","King, Charles"
59581,Brain Teaser,"Godwin, Tom"
26475,The Boy Scouts Book of Campfire Stories,
29019,All cats are gray,"Norton, Andre"
39397,One of Cleopatra's Nights and Other Fantastic Romances,"Gautier, Théophile"
72966,The horror at Red Hook,"Lovecraft, H. P. (Howard Phillips)"
3815,Rolling Stones,"Henry, O."
24567,Blind Man's Lantern,"Lang, Allen Kim"
52701,Comedies and Errors,"Harland, Henry"
2381,Actions and reactions,"Kipling, Rudyard"
1583,Options,"Henry, O."
39957,Prairie Gold,Iowa Press and Authors' Club
31697,"The Shepherd of Salisbury Plain, and Other Tales","More, Hannah"
61055,The Valley of the Masters,"Blackford, Charles Minor"
51981,Sandburrs,"Lewis, Alfred Henry"
33665,"The Preliminaries, and Other Stories","Comer, Cornelia A. P. (Cornelia Atwood Pratt)"
55650,"Stray leaves from strange literature; and, Fantastics and other fancies","Hearn, Lafcadio"
2163,The Bridge-Builders,"Kipling, Rudyard"
10736,Children of the Frost,"London, Jack"
36507,Mary Wollstonecraft's Original Stories,"Wollstonecraft, Mary"
22530,From Place to Place,"Cobb, Irvin S. (Irvin Shrewsbury)"
37484,"The Strand Magazine, Vol. 27, Issue 160, April, 1904",Various
51288,Man of Distinction,"Shaara, Michael"
24132,Autres Temps...: 1916,"Wharton, Edith"
39832,In the Permanent Way,"Steel, Flora Annie Webster"
59149,The Elroom,"Sohl, Jerry"
22059,Balthasar and Other Works - 1909,"France, Anatole"
38131,On Secret Service: Detective-Mystery Stories Based on Real Cases Solved by Government Agents,"Taft, William Nelson"
1831,The Lock and Key Library: Classic Mystery and Detective Stories: Old Time English,
23408,Far from Home,"Taylor, J. A."
36731,"Tales of the Wonder Club, Volume III","Halidom, M. Y."
75855,The smear,"Beames, John"
32360,The Holes Around Mars,"Bixby, Jerome"
34829,"The Sick-a-Bed Lady: And Also Hickory Dock, The Very Tired Girl, The Happy-Day, Something That Happened in October, The Amateur Lover, Heart of The City, The Pink Sash, Woman's Only Business","Abbott, Eleanor Hallowell"
49342,"The Stickit Minister's Wooing, and Other Galloway Stories","Crockett, S. R. (Samuel Rutherford)"
32117,Eleven Possible Cases,"Stockton, Frank R.; Green, Anna Katharine; Thompson, Maurice; Munroe, Kirk; Harland, Henry; Miller, Joaquin; Fawcett, Edgar; Fyles, Franklin; Lockwood, Ingersoll; Smith, Brainard Gardner; Wheeler, A. C. (Andrew Carpenter)"
43048,The Piebald Hippogriff,"Anderson, Karen"
53991,"Stories from the Chap-Book: Being a Miscellany of Curious and Interesting Tales, Histories, &c; Newly Composed by Many Celebrated Writers and Very Delightful to Read.",
57402,The Watcher by the Threshold,"Buchan, John"
1552,The Lock and Key Library: The Most Interesting Stories of All Nations: North Europe — Russian — Swedish — Danish — Hungarian,
12161,Night watches [Complete series],"Jacobs, W. W. (William Wymark)"
32346,Keep Your Shape,"Sheckley, Robert"
49595,"When the King Loses His Head, and Other Stories","Andreyev, Leonid"
373,"Lay Morals, and Other Papers","Stevenson, Robert Louis"
35148,Here and Hereafter,"Pain, Barry"
51018,"Three Days in the Village, and Other Sketches.: Written from September 1909 to July 1910.","Tolstoy, Leo, graf"
56797,"The Invaders, and Other Stories","Tolstoy, Leo, graf"
61353,Saline Solution,"Laumer, Keith"
70486,The lurking fear,"Lovecraft, H. P. (Howard Phillips)"
924,To Be Read at Dusk,"Dickens, Charles"
27439,Sundry Accounts,"Cobb, Irvin S. (Irvin Shrewsbury)"
47789,The Doctor's Red Lamp: A Book of Short Stories Concerning the Doctor's Daily Life,
64181,Rocket Summer,"Bradbury, Ray"
75771,"The Faa's revenge, and other tales","Various; Wilson, John Mackay"
13085,A Diversity of Creatures,"Kipling, Rudyard"
43862,In the Morning Glow: Short Stories,"Gilson, Roy Rolfe"
60097,"Horses and Men: Tales, long and short, from our American life","Anderson, Sherwood"
21005,Shorty McCabe on the Job,"Ford, Sewell"
32041,One Man's Poison,"Sheckley, Robert"
40832,"The Veiled Man: Being an Account of the Risks and Adventures of Sidi Ahamadou, Sheikh of the Azjar Maraude","Le Queux, William"
57494,Trolley Folly,"Phillips, Henry Wallace"
41297,Local Color,"Cobb, Irvin S. (Irvin Shrewsbury)"
42963,The Weird Orient: Nine Mystic Tales,"Iliowizi, Henry"
49651,Tedric,"Smith, E. E. (Edward Elmer)"
59011,The Last Crusade,"Smith, George H. (George Henry)"
59121,"E. K. Means: Is This a Title? It Is Not. It Is the Name of a Writer of Negro Stories, Who Has Made Himself So Completely the Writer of Negro Stories That His Book Needs No Title","Means, E. K. (Eldred Kurtz)"
75183,The Eatonville anthology,"Hurston, Zora Neale"
19323,"The Wit and Humor of America, Volume V. (of X.)",
43727,His Majesty Baby and Some Common People,"Maclaren, Ian"
51082,Coming Attraction,"Leiber, Fritz"
66409,Tales of the Unexpected,"Wells, H. G. (Herbert George)"
56722,Home Scenes and Heart Studies,"Aguilar, Grace"
970,Uncle Josh's Punkin Centre Stories,"Stewart, Cal"
9221,"The Old Manse (From ""Mosses from an Old Manse"")","Hawthorne, Nathaniel"
62347,Twenty-Three Stories by Twenty and Three Authors,
6120,Soldiers Three,"Kipling, Rudyard"
23432,Masterpieces of Mystery in Four Volumes: Mystic-Humorous Stories,
44630,From a Swedish Homestead,"Lagerlöf, Selma"
59376,The Patriot,"Fontenay, Charles L."
43729,"The Lost Pibroch, and other Sheiling Stories","Munro, Neil"
49598,"The Little Angel, and Other Stories","Andreyev, Leonid"
51773,Scent Makes a Difference,"Stamers, James"
29317,There Will Be School Tomorrow,"Thiessen, V. E."
44328,Our Square and the People in It,"Adams, Samuel Hopkins"
27921,The Love of Frank Nineteen,"Knight, David C."
59495,Reject,"Johnson, John"
60305,The Last Brave Invader,"Fontenay, Charles L."
3086,Original Short Stories — Volume 10,"Maupassant, Guy de"
11395,Cheerful—By Request,"Ferber, Edna"
59050,"Poker Jim, Gentleman, and Other Tales and Sketches","Lydston, G. Frank (George Frank)"
60294,Welsh Rarebit Tales,"Cummins, Harle Oren"
61003,Stories of Tragedy,
48510,Thirteen Stories,"Cunninghame Graham, R. B. (Robert Bontine)"
62346,In Black and White,"Kipling, Rudyard"
14449,Dutch Courage and Other Stories,"London, Jack"
47405,"""Short Sixes"": Stories to be Read While the Candle Burns","Bunner, H. C. (Henry Cuyler)"
48620,The Third Circle,"Norris, Frank"
55801,Teen-age Super Science Stories,"Elam, Richard M. (Richard Mace)"
2569,The Day's Work,"Kipling, Rudyard"
16405,Stories of Mystery,
37477,Taking Chances,"Cullen, Clarence Louis"
41232,Hungry Hearts,"Yezierska, Anzia"
59964,The Open Window: Tales of the Months,"Wright, Mabel Osgood"
63025,A Night in Acadie,"Chopin, Kate"
2295,Waifs and strays [part 1],"Henry, O."
75147,"The collected stories of Elisabeth Sanxay Holding from Munsey's Magazine, 1920-1928","Holding, Elisabeth Sanxay"
24351,The Triumph Of Night: 1916,"Wharton, Edith"
50044,Romantic legends of Spain,"Bécquer, Gustavo Adolfo"
1870,"Reginald in Russia, and Other Sketches",Saki
3085,Original Short Stories — Volume 09,"Maupassant, Guy de"
12995,The Matador of the Five Towns and Other Stories,"Bennett, Arnold"
32772,Rewards and Fairies,"Kipling, Rudyard"
40964,Tony and the Beetles,"Dick, Philip K."
50613,My Short Story Book,Various
75758,Dames,"Leinster, Murray"
23937,"The Happy Prince, and Other Tales","Wilde, Oscar"
28644,Beyond the Door,"Dick, Philip K."
51499,Blueblood,"Harmon, Jim"
61429,The Heart of a Dog,"Terhune, Albert Payson"
51249,Spacemen Die at Home,"Ludwig, Edward W."
57904,The Doom of London,"White, Fred M. (Fred Merrick)"
73141,American short stories : $b Selected and edited with an introductory essay on the short story by Charles Sears Baldwin,
37242,Stories and Pictures,"Peretz, Isaac Loeb"
51193,Pictures Don't Lie,"MacLean, Katherine"
59141,Blow the Man Down,"Fontenay, Charles L."
59476,"More E. K. Means: Is This a Title? It Is Not. It Is the Name of a Writer of Negro Stories, Who Has Made Himself So Completely the Writer of Negro Stories That This Second Book, Like the First, Needs No Title","Means, E. K. (Eldred Kurtz)"
2031,The Lock and Key Library: The Most Interesting Stories of All Nations: Real Life,
4593,"Friends and Neighbors; Or, Two Ways of Living in the World",
32777,The Great Keinplatz Experiment and Other Tales of Twilight and the Unseen,"Doyle, Arthur Conan"
38918,Vignettes of Manhattan; Outlines in Local Color,"Matthews, Brander"
1980,Stories by English Authors: Africa (Selected by Scribners),
2809,Main-Travelled Roads,"Garland, Hamlin"
7120,"Knock, Knock, Knock and Other Stories","Turgenev, Ivan Sergeevich"
22440,The Gift of the Magi,"Henry, O."
28698,The Crystal Crypt,"Dick, Philip K."
61701,O. Henry Encore,"Henry, O."
69297,Tales for Christmas Eve,"Broughton, Rhoda"
17031,The Disentanglers,"Lang, Andrew"
70478,The silver key,"Lovecraft, H. P. (Howard Phillips)"
39170,"Dorothy, and Other Italian Stories","Woolson, Constance Fenimore"
52776,X Marks the Pedwalk,"Leiber, Fritz"
59373,Catalysis,"Anderson, Poul"
911,Tales of the Fish Patrol,"London, Jack"
2588,Stories by English Authors: Scotland (Selected by Scribners),
39378,Mortal Coils,"Huxley, Aldous"
75624,The house of joy,"Housman, Laurence"
1208,South Sea Tales,"London, Jack"
7239,"Men, Women, and Boats","Crane, Stephen"
38302,The Lonely Ones,"Ludwig, Edward W."
647,The Dynamiter,"Stevenson, Robert Louis; Stevenson, Fanny Van de Grift"
18776,"The Wit and Humor of America, Volume IV. (of X.)",
30105,"The Strand Magazine, Vol. 05, Issue 26, February 1893: An Illustrated Monthly",Various
51075,A Stone and a Spear,"Jones, Raymond F."
58954,The Enchanted Burro: And Other Stories as I Have Known Them from Maine to Chile and California,"Lummis, Charles Fletcher"
75539,From the four winds,"Galsworthy, John"
760,Enoch Soames: A Memory of the Eighteen-Nineties,"Beerbohm, Max, Sir"
2227,Soldiers Three - Part 2,"Kipling, Rudyard"
32434,All In The Mind,"Henderson, Gene L."
36465,Top-of-the-World Stories for Boys and Girls: Translated from the Scandinavian Languages,
61136,E Being,"Stamers, James"
1603,The Blue Flower,"Van Dyke, Henry"
8913,The Portent and Other Stories,"MacDonald, George"
22966,Toy Shop,"Harrison, Harry"
23197,Subversive,"Reynolds, Mack"
23210,Missing Link,"Herbert, Frank"
25629,Postmark Ganymede,"Silverberg, Robert"
1853,The ninth vibration and other stories,"Beck, L. Adams (Lily Adams)"
8727,The Last Galley; Impressions and Tales,"Doyle, Arthur Conan"
39097,Woven with the Ship: A Novel of 1865: Together with certain other veracious tales of various sorts,"Brady, Cyrus Townsend"
51129,A Gift from Earth,"Banister, Manly"
51957,Tales from a Rolltop Desk,"Morley, Christopher"
53729,In Partnership: Studies in story-telling,"Bunner, H. C. (Henry Cuyler); Matthews, Brander"
27722,Masterpieces of Mystery in Four Volumes: Ghost Stories,
72064,"The book of Scottish story : $b historical, humorous, legendary, and imaginative, selected from the works of standard Scottish authors",Various
29720,Hall of Mirrors,"Brown, Fredric"
34536,Strange Stories of Colonial Days,Various
46452,"The Strand Magazine, Vol. 01, No. 05, May 1891: An Illustrated Monthly",Various
51519,The Drug,"MacApp, C. C."
58581,The Story of the Siren,"Forster, E. M. (Edward Morgan)"
3089,Original Short Stories — Volume 13,"Maupassant, Guy de"
31659,Side-stepping with Shorty,"Ford, Sewell"
32436,Duel on Syrtis,"Anderson, Poul"
38287,We're Civilized!,"Clifton, Mark; Apostolides, Alex"
60529,"The Fascinating Stranger, and Other Stories","Tarkington, Booth"
65839,The Stranger,"Dickson, Gordon R."
18831,Time and Time Again,"Piper, H. Beam"
40108,Tales of Secret Egypt,"Rohmer, Sax"
51820,Honoré de Balzac,"Balzac, Honoré de"
62109,The Star Mouse,"Brown, Fredric"
37148,The Other Fellow,"Smith, Francis Hopkinson"
51736,Star-Crossed Lover,"Stuart, William W."
2135,Stories by English Authors: London (Selected by Scribners),
33118,Just Around the Corner: Romance en casserole,"Hurst, Fannie"
7955,Historical Miniatures,"Strindberg, August"
17375,"The Works of Guy de Maupassant, Volume 2","Maupassant, Guy de"
54351,In Beaver Cove and Elsewhere,"Crim, Matt, Miss"
59255,Easy Does It,"Von Wald, E. G."
61138,"Contact, and Other Stories","Hart, Frances Noyes"
61242,The Winning of the Moon,"Neville, Kris"
73893,"Short story classics (Foreign), Vol. 5, French II",
15610,"First Love, and Other Fascinating Stories of Spanish Life",
51046,...And It Comes Out Here,"Del Rey, Lester"
41793,"The Strand Magazine, Vol. 17, February 1899, No. 98.",Various
46462,Recollections of a Policeman,"Russell, William"
51588,Security Plan,"Farrell, Joseph"
9227,"The New Adam and Eve (From ""Mosses from an Old Manse"")","Hawthorne, Nathaniel"
30622,The Unknown Quantity: A Book of Romance and Some Half-Told Tales,"Van Dyke, Henry"
36638,A Book of Ghosts,"Baring-Gould, S. (Sabine)"
44322,"A Bird of Passage, and Other Stories","Harraden, Beatrice"
46581,The Mystery of Choice,"Chambers, Robert W. (Robert William)"
50438,"Jaunty Jock, and Other Stories","Munro, Neil"
60239,Stories of the East,"Woolf, Leonard"
24149,The Ambulance Made Two Trips,"Leinster, Murray"
24274,The Native Soil,"Nourse, Alan Edward"
44113,"The Strand Magazine, Vol. 27, January 1904, No. 157",Various
48254,"Moni the Goat Boy, and Other Stories","Spyri, Johanna"
50129,Sam Lawson's Oldtown Fireside Stories: With Illustrations,"Stowe, Harriet Beecher"
50818,How to Make Friends,"Harmon, Jim"
60368,The heir: A love story,"Sackville-West, V. (Victoria)"
22357,Danger! and Other Stories,"Doyle, Arthur Conan"
32101,The Crimson Gardenia and Other Tales of Adventure,"Beach, Rex"
74550,"Great short stories, Volume 3 (of 3) : $b Romance & Adventure",
4038,Imaginary Portraits,"Pater, Walter"
2327,Some Short Stories [by Henry James],"James, Henry"
33911,Beggars on Horseback,"Jesse, F. Tennyson (Fryniwyd Tennyson)"
37573,"Pencil Sketches; or, Outlines of Character and Manners","Leslie, Eliza"
51751,"Oh, Rats!","De Ford, Miriam Allen"
59982,The Human Element,"Kelley, Leo P."
2828,Under the Deodars,"Kipling, Rudyard"
5603,Seven Icelandic Short Stories,
38991,"Roumanian Stories, Translated from the Original Roumanian",
288,The Certain Hour (Dizain des Poëtes),"Cabell, James Branch"
352,Buttered Side Down: Stories,"Ferber, Edna"
2830,Reginald,Saki
8893,Selections from Poe,"Poe, Edgar Allan"
19029,The Gifts of Asti,"Norton, Andre"
34470,The Blue Jar Story Book,"Lamb, Charles; Lamb, Mary; Edgeworth, Maria; Mant, Alicia Catherine"
45172,Fresh Leaves,"Fern, Fanny"
23014,"""A Soldier Of The Empire""","Page, Thomas Nelson"
31217,Household Papers and Stories,"Stowe, Harriet Beecher"
61187,All That Earthly Remains,"MacApp, C. C."
17785,Divers Women,"Pansy; Livingston, C. M., Mrs."
23171,"The Tipster: 1901, From ""Wall Street Stories""","Lefevre, Edwin"
34618,Twenty-Four Unusual Stories for Boys and Girls,"Tyler, Anna Cogswell"
43706,Wounds in the rain: War stories,"Crane, Stephen"
58883,The Men of Boru,"Nelson, Jack A."
74980,"The best stories of Sarah Orne Jewett, Volume 2 (of 2)","Jewett, Sarah Orne"
75431,Abracadabra & other satires,"Galsworthy, John"
299,Tales from Two Hemispheres,"Boyesen, Hjalmar Hjorth"
7870,Tales of Daring and Danger,"Henty, G. A. (George Alfred)"
30305,DP,"Savage, Arthur Dekker"
75427,The incredible slingshot bombs,"Williams, Robert Moore"
12150,"North, South and Over the Sea","Francis, M. E."
52029,Unvarnished Tales,"Mackay, William"
65384,And Five Were Foolish,"Yates, Dornford"
65691,The Alien Dies at Dawn,"Garrett, Randall; Silverberg, Robert"
9463,The Under Dog,"Smith, Francis Hopkinson"
59652,Cronus of the D. F. C.,"Biggle, Lloyd, Jr."
1053,Within the Tides: Tales,"Conrad, Joseph"
3081,Original Short Stories — Volume 05,"Maupassant, Guy de"
26867,John Jones's Dollar,"Keeler, Harry Stephen"
31601,An Empty Bottle,"Wolf, Mari"
37707,A Night on the Borders of the Black Forest,"Edwards, Amelia B."
41455,The Lady in the Car,"Le Queux, William"
52784,Heavenly Gifts,"Kolom, Aaron L."
58995,Seller of the Sky,"Dryfoos, Dave"
59920,The Little Gods: A Masque of the Far East,"Thomas, Rowland"
3087,Original Short Stories — Volume 11,"Maupassant, Guy de"
20798,"The Strand Magazine,  Vol. 05, Issue 28, April 1893: An Illustrated Monthly",Various
21616,"The Ape, the Idiot & Other People","Morrow, W. C."
32011,Special Delivery,"Knight, Damon"
56929,Pictures of Hellas: Five Tales of Ancient Greece,"Mariager, Peder"
63307,The Untamed: Range Life in the Southwest,"Pattullo, George"
19324,"The Wit and Humor of America, Volume VI. (of X.)",
32109,"Tales of the Caravan, Inn, and Palace","Hauff, Wilhelm"
40963,"Johnny Ludlow, Sixth Series","Wood, Henry, Mrs."
45685,Mr. Poskitt's Nightcaps: Stories of a Yorkshire Farmer,"Fletcher, J. S. (Joseph Smith)"
52563,"The Hand of the Mighty, and Other Stories","Kester, Vaughan"
59904,"Tony, the Hero; Or, A Brave Boy's Adventures with a Tramp","Alger, Horatio, Jr."
18086,A Dozen Ways Of Love,"Dougall, L. (Lily)"
25078,No Moving Parts,"Yaco, Murray F."
50948,Of All Possible Worlds,"Tenn, William"
51420,License to Steal,"Newman, Louis"
73793,The lost race,"Howard, Robert E. (Robert Ervin)"
75598,The Problem Club,"Pain, Barry"
715,The Moon Endureth: Tales and Fancies,"Buchan, John"
30251,Disqualified,"Fontenay, Charles L."
32162,The Beasts in the Void,"Fairman, Paul W."
32906,Thy Name Is Woman,"Walton, Bryce"
34884,"Tales of the Trains: Being Some Chapters of Railroad Romance by Tilbury Tramp, Queen's Messenger","Lever, Charles James"
41613,"The Strand Magazine, Vol. 01, January 1891: An Illustrated Monthly",Various
46596,"The Strand Magazine, Vol. 01, No. 06, June 1891: An Illustrated Monthly",Various
50877,Education of a Martian,"Shallit, Joseph"
54761,Children of Men,"Lessing, Bruno"
59447,The Barbarians,"Godwin, Tom"
59558,"Your Servant, Sir","Boren, Sol"
61186,Gramp,"De Vet, Charles V."
1096,The Faith of Men,"London, Jack"
1444,The Voice of the City: Further Stories of the Four Million,"Henry, O."
20231,Earth's Enigmas: A Volume of Stories,"Roberts, Charles G. D., Sir"
24716,The heart of Happy Hollow : $b A collection of stories,"Dunbar, Paul Laurence"
33634,The Night Operator,"Packard, Frank L. (Frank Lucius)"
34365,Held for Orders: Being Stories of Railroad Life,"Spearman, Frank H. (Frank Hamilton)"
40501,The Blower of Bubbles,"Baxter, Beverley"
56527,In a Quiet Village,"Baring-Gould, S. (Sabine)"
58802,Community Property,"Coppel, Alfred"
61017,Tales of a Vanishing River,"Reed, Earl H. (Earl Howell)"
75566,Visibility—Zero,"Stearns, Myron M. (Myron Morris)"
809,Holiday Romance,"Dickens, Charles"
3088,Original Short Stories — Volume 12,"Maupassant, Guy de"
4960,"On Picket Duty, and Other Tales","Alcott, Louisa May"
32710,Doom of the House of Duryea,"Peirce, Earl"
59157,Escape Mechanism,"Fritch, Charles E."
59494,Night Court,"Arkawy, Norman"
2399,Imaginary Portraits,"Pater, Walter"
31012,"The Works of Robert Louis Stevenson - Swanston Edition, Vol. 17","Stevenson, Robert Louis"
38172,Atlantic Narratives: Modern Short Stories,"Nesbit, E. (Edith); Lucas, E. V. (Edward Verrall); Galsworthy, John; Sherwood, Margaret Pollock; Canby, Henry Seidel; Sedgwick, Anne Douglas; Dobie, Charles Caldwell; Sharp, Dallas Lore; Comer, Cornelia A. P. (Cornelia Atwood Pratt); Ashe, Elizabeth; Doty, Madeleine Z. (Madeleine Zabriskie); Dwight, H. G. (Harrison Griswold); Gerould, Katharine Fullerton; Hathaway, Katharine Butler; Humphrey, Zephine; Lerner, Mary; Louriet, F. J.; Lynn, Margaret; Mercer, C. A.; Montague, Margaret Prescott; Starr, Ernest; Stone, Amy Wentworth; Taylor, Arthur Russell"
38188,Amusement Only,"Marsh, Richard"
41598,Bypaths in Dixie: Folk Tales of the South,"Cocke, Sarah Johnson"
42633,"The Strand Magazine, Vol. 01, Issue 02, February 1891: An Illustrated Monthly",Various
43558,The Sandman's Hour: Stories for Bedtime,"Walker, Abbie Phillips"
61355,The Abandoned of Yan,"Daley, Donald F."
295,The Early Short Fiction of Edith Wharton — Part 1,"Wharton, Edith"
2071,Stories by English Authors: Germany (Selected by Scribners),
24188,"The Strand Magazine, Vol. 05, Issue 30, June 1893: An Illustrated Monthly",Various
26153,The Last of the Legions and Other Tales of Long Ago,"Doyle, Arthur Conan"
36719,The Scapegoat,"Maples, Richard"
44224,Old Judge Priest,"Cobb, Irvin S. (Irvin Shrewsbury)"
50802,A City Near Centaurus,"Doede, William R."
59304,Bright Islands,"Riley, Frank"
3192,"The Curious Republic of Gondour, and Other Whimsical Sketches","Twain, Mark"
19356,Golden Stories: A Selection of the Best Fiction by the Foremost Writers,Various
23783,Eliza,"Pain, Barry"
41458,The Gay Triangle: The Romance of the First Air Adventurers,"Le Queux, William"
59587,Corbow's Theory,"Wallot, Lee"
32584,The Secret of Kralitz,"Kuttner, Henry"
58899,Journey Work,"Dryfoos, Dave"
67362,Glow Worm,"Ellison, Harlan"
18811,The Light Princess and Other Fairy Stories,"MacDonald, George"
22522,Artists' Wives,"Daudet, Alphonse"
22866,An Ounce of Cure,"Nourse, Alan Edward"
25056,The Brothers-In-Law: A Tale of the Equatorial Islands; and The Brass Gun of the Buccaneers: 1901,"Becke, Louis"
34627,"The Dealings of Captain Sharkey, and Other Tales of Pirates","Doyle, Arthur Conan"
59001,"The Strand Magazine, Vol. 01, No. 04 (April 1891)",Various
71002,Debits and credits,"Kipling, Rudyard"
73177,Cool air,"Lovecraft, H. P. (Howard Phillips)"
23530,Adventures in Many Lands,Various
30288,Sight Gag,"Janifer, Laurence M."
32238,A Thought For Tomorrow,"Gilbert, Robert E."
33380,Love's Usuries,"Creswicke, Louis"
35004,Abbé Aubain and Mosaics,"Mérimée, Prosper"
35759,Security Risk,"Clinton, Ed M."
75523,The achievements of Luther Trant,"MacHarg, William; Balmer, Edwin"
17504,The Mintage: Being Ten Stories & One More,"Hubbard, Elbert"
22073,The Repairman,"Harrison, Harry"
24313,Once a week,"Milne, A. A. (Alan Alexander)"
30062,The Plague,"Keller, Teddy"
47016,"Ainslee's magazine, Volume 16, No. 2, September, 1905",Various
54424,"Lotta Schmidt, and Other Stories","Trollope, Anthony"
3723,A Ride Across Palestine,"Trollope, Anthony"
24350,Kerfol: 1916,"Wharton, Edith"
34852,Moonshine & Clover,"Housman, Laurence"
43726,The Days of Auld Lang Syne,"Maclaren, Ian"
46107,"The German Lieutenant, and Other Stories","Strindberg, August"
51171,A Little Journey,"Bradbury, Ray"
63430,Lazarus Come Forth,"Bradbury, Ray"
74669,The twelve best short stories in the French language,
75015,Flood waters,"Jamieson, Leland"
865,Passing of the Third Floor Back,"Jerome, Jerome K. (Jerome Klapka)"
5741,Stories by Foreign Authors: Russian,
21536,Paul the Minstrel and Other Stories: Reprinted from The Hill of Trouble and The Isles of Sunset,"Benson, Arthur Christopher"
25549,A Chosen Few: Short Stories,"Stockton, Frank R."
30680,All Day Wednesday,"Olin, Richard"
34597,McAllister and His Double,"Train, Arthur Cheney"
43095,Dust of New York,"Bercovici, Konrad"
52995,Spaceman on a Spree,"Reynolds, Mack"
53380,"The Republic of the Southern Cross, and other stories","Bryusov, Valery Yakovlevich"
71065,The hyena,"Howard, Robert E. (Robert Ervin)"
73873,"Short story classics (Foreign), Vol. 4, French I",
15444,The City and the World and Other Stories,"Kelley, Francis Clement"
15616,Hero Tales,"Baldwin, James"
22334,In Kings' Byways,"Weyman, Stanley John"
25628,The Nothing Equation,"Godwin, Tom"
31207,Where the World is Quiet,"Kuttner, Henry"
42804,"Buff: A Collie, and Other Dog-Stories","Terhune, Albert Payson"
51397,People Soup,"Arkin, Alan"
51923,"The Impudent Comedian, & Others","Moore, Frank Frankfort"
55212,"Why Frau Frohmann Raised Her Prices, and Other Stories","Trollope, Anthony"
59242,Witness,"Smith, George H. (George Henry)"
60671,The Last Days of L.A.,"Smith, George H. (George Henry)"
2555,Under the Redwoods,"Harte, Bret"
23062,The Broken Cup,"Zschokke, Heinrich"
24521,In Case of Fire,"Garrett, Randall"
38820,"The Strand Magazine, Vol. 27, No. 161, May 1904",Various
50753,Later Than You Think,"Leiber, Fritz"
51509,Doorstep,"Laumer, Keith"
5835,The Story Hour: A Book for the Home and the Kindergarten,"Wiggin, Kate Douglas Smith; Smith, Nora Archibald"
23301,Each Man Kills,"Glad, Victoria"
32610,The Long Arm,"Nabl, Franz"
59259,The Outer Quiet,"Kastle, Herbert D."
59849,Filthy Rich,"Sheinbaum, Fred"
73630,"Short story classics (Foreign), Vol. 3, German",
23553,The Christmas Miracle: 1911,"Craddock, Charles Egbert"
32126,Freudian Slip,"Abel, Franklin"
34553,Over the Plum Pudding,"Bangs, John Kendrick"
44223,Back Home: Being the Narrative of Judge Priest and His People,"Cobb, Irvin S. (Irvin Shrewsbury)"
59825,A Case of Sunburn,"Fontenay, Charles L."
60737,To Each His Own,"Sharkey, Jack"
61422,Stories of Romance,"Craik, Dinah Maria Mulock; Holmes, Oliver Wendell; Cunningham, Allan; Wilson, John; Spofford, Harriet Elizabeth Prescott"
429,"The Magic Egg, and Other Stories","Stockton, Frank R."
20267,At The Bay,"Mansfield, Katherine"
20419,Gigolo,"Ferber, Edna"
22401,Stories by American Authors (Volume 4),"Woolson, Constance Fenimore; Foote, Mary Hallock; Bunner, H. C. (Henry Cuyler); De Forest, John William; Willis, Nathaniel Parker"
24835,"Rídan the Devil, and Other Stories: 1899","Becke, Louis"
59363,Ecology on Rollins Island,"Lang, Varley"
60921,Vassi,"Lewis, Art"
61198,Aide Memoire,"Laumer, Keith"
453,Emma McChesney and Co.,"Ferber, Edna"
15252,Victorian Short Stories: Stories of Successful Marriages,
18892,A Thoughtless Yes,"Gardener, Helen H. (Helen Hamilton)"
20009,Ixion In Heaven,"Disraeli, Benjamin, Earl of Beaconsfield"
25658,Daisy Ashford: Her Book,"Ashford, Daisy; Ashford, Angela"
26206,Pandemic,"Bone, Jesse F. (Jesse Franklin)"
30475,With a Vengeance,"Woodley, J. B."
32960,The Competitive Nephew,"Glass, Montague"
47017,"Ainslee's magazine, Volume 16, No. 3, October, 1905",Various
50893,The Great Nebraska Sea,"Danzig, Allan"
61013,The Fastest Gun Dead,"Grow, Julian F."
74993,Folks from Dixie,"Dunbar, Paul Laurence"
23568,The Mississippi Saucer,"Long, Frank Belknap"
33688,"Tales of the Wonder Club, Volume I","Halidom, M. Y."
40940,"Johnny Ludlow, Fourth Series","Wood, Henry, Mrs."
41438,The Heart of Princess Osra,"Hope, Anthony"
50464,The Lonesome Trail,"Neihardt, John G."
68317,"The Cornhill Magazine (Vol. I, No. 4, April 1860)",Various
6260,"Donovan Pasha, and Some People of Egypt — Complete","Parker, Gilbert"
11436,"Stories by American Authors, Volume 1","Taylor, Bayard; Davis, Rebecca Harding; Bunner, H. C. (Henry Cuyler); Matthews, Brander; Webster, Albert"
17732,Tales Of Hearsay,"Conrad, Joseph"
21583,Children of the Tenements,"Riis, Jacob A. (Jacob August)"
29245,A Breath of Prairie and other stories,"Lillibridge, Will"
32212,Clean Break,"Aycock, Roger D."
49901,The Snare,"Smith, Richard Rein"
51414,...So They Baked a Cake,"Marks, Winston K. (Winston Kinney)"
56579,"The Countess of Lowndes Square, and Other Stories","Benson, E. F. (Edward Frederic)"
4793,The Fiend's Delight,"Bierce, Ambrose"
8681,The Face and the Mask,"Barr, Robert"
29271,The Issahar Artifacts,"Bone, Jesse F. (Jesse Franklin)"
31841,The Water Eater,"Marks, Winston K. (Winston Kinney)"
32734,Fly By Night,"Savage, Arthur Dekker"
32760,The First Day of Spring,"Wolf, Mari"
32864,Bedside Manner,"Samachson, Joseph"
36518,All Men are Ghosts,"Jacks, L. P. (Lawrence Pearsall)"
39891,"Jewel Mysteries, from a Dealer's Note Book","Pemberton, Max"
40650,Christmas Roses and Other Stories,"Sedgwick, Anne Douglas"
47376,"The Strand Magazine, Vol. 07, Issue 41, May, 1894: An Illustrated Monthly",Various
50479,Far-away Stories,"Locke, William John"
51759,Traveling Companion Wanted,"Wilson, Richard"
60421,Security,"Walton, Bryce"
72030,And miles to go before I sleep,"Nolan, William F."
75653,The treasure on the beach,"Street, Julian; Finney, Frank"
2535,Openings in the Old Trail,"Harte, Bret"
3700,The Courtship of Susan Bell,"Trollope, Anthony"
24735,Stanford Stories: Tales of a Young University,"Irwin, Will; Field, Charles K. (Charles Kellogg)"
29599,Homesick,"Venable, Lyn"
32010,A Feast of Demons,"Samachson, Joseph"
40953,A Traveler in Time,"Derleth, August"
48998,In the Village of Viger,"Scott, Duncan Campbell"
73682,Cosmic striptease,"Ellison, Harlan"
307,"Three Elephant Power, and Other Stories","Paterson, A. B. (Andrew Barton)"
1231,On the Track,"Lawson, Henry"
5896,Her Weight in Gold,"McCutcheon, George Barr"
22701,The Blindman's World: 1898,"Bellamy, Edward"
29445,The Hour of Battle,"Sheckley, Robert"
32784,The Dark Goddess,"Shaver, Richard S."
33790,Delayed Action,"De Vet, Charles V."
40136,The Mercy of the Lord,"Steel, Flora Annie Webster"
41619,The Haunting of Low Fennel,"Rohmer, Sax"
42555,"By the Barrow River, and Other Stories","Leamy, Edmund"
51107,"Woman and Puppet, Etc.","Louÿs, Pierre"
51241,Bridge Crossing,"Dryfoos, Dave"
51342,Citizen Jell,"Shaara, Michael"
51482,Perfect Answer,"Stecher, L. J., Jr."
54111,On the Iron at Big Cloud,"Packard, Frank L. (Frank Lucius)"
57533,"Three short stories from ""The Captain"" volume XXVII: How Dymock Came to Derry; Jack Devereux's Scoop; The Powder Hulk","Westerman, Percy F. (Percy Francis)"
61016,"The Black Dog, and Other Stories","Coppard, A. E. (Alfred Edgar)"
61217,"1,492,633 Marlon Brandos","Aandahl, Vance"
10020,"The Strand Magazine: Vol. 07, Issue 37, January, 1894.: An Illustrated Monthly",Various
20336,The Miraculous Revenge,"Shaw, Bernard"
23872,The Professional Approach,"Harness, Charles L.; Thomas, Theodore L."
32191,The Sentimental Vikings,"Risley, R. V. (Richard Voorhees)"
32410,No Shield from the Dead,"Dickson, Gordon R."
47377,"The Strand Magazine, Vol. 07, Issue 42, June, 1894: An Illustrated Monthly",Various
51142,The Times Red Cross Story Book: by Famous Novelists Serving in His Majesty's Forces,Various
60537,Scenes and Portraits,"Manning, Frederic"
60950,Footlights,"Weiman, Rita"
73182,The quest of Iranon,"Lovecraft, H. P. (Howard Phillips)"
17922,Visionaries,"Huneker, James"
21755,"Personal Reminiscences in Book Making, and Some Short Stories","Ballantyne, R. M. (Robert Michael)"
24807,A Memory of the Southern Seas: 1904,"Becke, Louis"
25028,Heist Job on Thizar,"Garrett, Randall"
30443,"The Strand Magazine, Vol. 05, Issue 29, May 1893: An Illustrated Monthly",Various
30454,Blind Spot,"Jones, Bascom"
32150,Prison of a Billion Years,"Marlowe, Stephen"
40084,"The Strand Magazine, Vol. 01, No. 03, March 1891: An Illustrated Monthly",Various
57349,Table d'Hôte,"Ridge, W. Pett (William Pett)"
59243,The Pacifists,"Fritch, Charles E."
60587,Shandy,"Goulart, Ron"
60682,The Good Work,"Thomas, Theodore L."
14256,The Bell in the Fog and Other Stories,"Atherton, Gertrude Franklin Horn"
23326,Mère Giraud's Little Daughter,"Burnett, Frances Hodgson"
24450,"""Bones"": Being Further Adventures in Mr. Commissioner Sanders' Country","Wallace, Edgar"
24517,Accidental Death,"Baily, Peter"
25035,The Happy Unfortunate,"Silverberg, Robert"
27885,"Ainslee's, Vol. 15, No. 6, July 1905",Various
42664,Gods of the North,"Howard, Robert E. (Robert Ervin)"
44129,Fair Haven and Foul Strand,"Strindberg, August"
58743,Little Boy,"Bixby, Jerome"
59172,Willie's Planet,"Ellis, Mike"
60928,The Contact Point,"Sharkey, Jack"
70879,The mirrors of Tuzun Thune,"Howard, Robert E. (Robert Ervin)"
71859,Accept no substitutes,"Sheckley, Robert"
74909,"The best stories of Sarah Orne Jewett, Volume 1 (of 2)","Jewett, Sarah Orne"
13908,Pipes O'Pan at Zekesbury,"Riley, James Whitcomb"
21773,Four Meetings,"James, Henry"
26644,Friendship Village,"Gale, Zona"
26966,A Place in the Sun,"Marlowe, Stephen"
31153,Telempathy,"Simonds, Vance"
31762,The Record of Currupira,"Abernathy, Robert"
31826,"Tales from ""Blackwood,"" Volume 1",Various
37346,Mortmain,"Train, Arthur Cheney"
56430,The Race of the Swift,"Litsey, Edwin Carlile"
59404,The Drivers,"Ludwig, Edward W."
59415,To Pay the Piper,"Blish, James"
59418,The Happy Clown,"Jones, Alice Eleanor"
60462,Conservation,"Fontenay, Charles L."
332,The Burial of the Guns,"Page, Thomas Nelson"
2728,Hunter Quatermain's Story,"Haggard, H. Rider (Henry Rider)"
28960,The Backwoodsmen,"Roberts, Charles G. D., Sir"
39644,Whilomville Stories,"Crane, Stephen"
53102,The Lonely,"Merril, Judith"
55636,Orlóff and His Wife: Tales of the Barefoot Brigade,"Gorky, Maksim"
72928,Ten minute stories,"Blackwood, Algernon"
868,The Philosopher's Joke,"Jerome, Jerome K. (Jerome Klapka)"
1655,The God of His Fathers: Tales of the Klondyke,"London, Jack"
8668,Revenge!,"Barr, Robert"
22185,Sonnie-Boy's People,"Connolly, James B. (James Brendan)"
23061,The Dead Are Silent: 1907,"Schnitzler, Arthur"
36196,Boston Neighbours In Town and Out,"Poor, Agnes Blake"
47533,The Forest Farm: Tales of the Austrian Tyrol,"Rosegger, Peter"
73858,"The twelve adventurers, and other stories","Brontë, Charlotte"
73859,"Short-story masterpieces, Vol. 2 : $b French",
343,Fables,"Stevenson, Robert Louis"
9240,"The Man of Adamant: (From: ""The Snow Image and Other Twice-Told Tales"")","Hawthorne, Nathaniel"
15449,New Faces,"Kelly, Myra"
31038,The Real Hard Sell,"Stuart, William W."
61051,Out of Mind,"Stuart, William W."
61278,Too Many Eggs,"Neville, Kris"
67832,Autumnal leaves: tales and sketches in prose and rhyme,"Child, Lydia Maria"
70912,The curse of Yig,"Lovecraft, H. P. (Howard Phillips); Bishop, Zealia B. (Zealia Brown)"
3184,"Alonzo Fitz, and Other Stories","Twain, Mark"
6694,"In Midsummer Days, and Other Tales","Strindberg, August"
27374,"A Young Man in a Hurry, and Other Short Stories","Chambers, Robert W. (Robert William)"
34817,"Tales of the Wonder Club, Volume II","Halidom, M. Y."
51460,A Husband for My Wife,"Stuart, William W."
51760,"Stand Pat; Or, Poker Stories from the Mississippi","Curtis, David A."
56437,Rice Papers,"Norris, Hugh Leigh"
58893,Race Riot,"Williams, Ralph"
59302,Pioneers,"Wells, Basil"
59498,What Shall It Profit?,"Anderson, Poul"
59548,"Tappan's Burro, and Other Stories","Grey, Zane"
60136,"The Sisters Rondoli, and Other Stories","Maupassant, Guy de"
2457,Stories By English Authors: Italy (Selected by Scribners),
31985,Perfect Control,"Stockham, Richard"
33872,Nine Men in Time,"Loomis, Noel M."
39903,Star of Mercia: Historical Tales of Wales and the Marches,"Devereux, Blanche"
48696,Stories of Fortune,
51518,The Feeling,"Aycock, Roger D."
57704,Mixed Grill,"Ridge, W. Pett (William Pett)"
66092,A Gallery of Children,"Milne, A. A. (Alan Alexander)"
66432,And All the Girls Were Nude,"Magruder, Richard"
936,The Village Watch-Tower,"Wiggin, Kate Douglas Smith"
1725,Heart of the West,"Henry, O."
1876,The Shape of Fear,"Peattie, Elia Wilkinson"
22545,Warning from the Stars,"Cocking, Ron"
23556,His Unquiet Ghost: 1911,"Craddock, Charles Egbert"
32243,Confidence Game,"McKimmey, James"
32580,The Golgotha Dancers,"Wellman, Manly Wade"
34504,Seven Legends,"Keller, Gottfried"
34666,Original Penny Readings: A Series of Short Sketches,"Fenn, George Manville"
37832,"The Danes, Sketched by Themselves. Vol. 2 (of 3): A Series of Popular Stories by the Best Danish Authors",
43216,"Zut, and Other Parisians","Carryl, Guy Wetmore"
47695,"Kaffir, Kangaroo, Klondike: Tales of the Gold Fields","Leavitt, Thad. W. H. (Thaddeus William Henry)"
51336,What is POSAT?,"Smith, Phyllis Sterling"
54491,"More ""Short Sixes""","Bunner, H. C. (Henry Cuyler)"
59323,Bleedback,"Marks, Winston K. (Winston Kinney)"
59486,Ely's Automatic Housemaid,"Bellamy, Elizabeth W. (Elizabeth Whitfield)"
68547,He,"Lovecraft, H. P. (Howard Phillips)"
2359,Stories By English Authors: France (Selected by Scribners),
8434,"""The Ladies"": A Shining Constellation of Wit and Beauty","Beck, L. Adams (Lily Adams)"
21809,Second Book of Tales,"Field, Eugene"
30547,"The Thirteen Little Black Pigs, and Other Stories","Molesworth, Mrs."
32347,Time Fuze,"Garrett, Randall"
55622,"Red Wagon Stories; or, Tales Told Under the Tent","Hawks, Wells"
59505,Sales Resistance,"Still, Henry"
62034,The Mercurian,"Long, Frank Belknap"
73316,The justice of Gideon,"Gates, Eleanor"
75071,Bad and mad,"Tuttle, W. C. (Wilbur C.)"
9309,"In a steamer chair, and other shipboard stories","Barr, Robert"
30029,Lost in Translation,"Janifer, Laurence M."
31595,The Return of the Prodigal,"Sinclair, May"
36998,Every Man for Himself,"Duncan, Norman"
39795,In the Guardianship of God,"Steel, Flora Annie Webster"
43192,"Afterwards, and Other Stories","Maclaren, Ian"
54470,Tar Heel Tales,"Bryant, H. E. C. (Henry Edward Cowan)"
55742,Tales of My Native Town,"D'Annunzio, Gabriele"
59575,Dearest Enemy,"Holden, Fox B."
59665,A Toothache on Zenob,"Ellanby, Boyd"
72080,Ozymandias,"Jorgensen, Ivar"
72553,A long way back,"Bova, Ben"
73314,The celestial blueprint,"Farmer, Philip José"
5953,Many Kingdoms,"Jordan, Elizabeth Garver"
12686,Murder in Any Degree,"Johnson, Owen"
16257,The Turtles of Tasman,"London, Jack"
23002,Saint Patrick: 1887,"Chaplin, Heman White"
29735,Martians Never Die,"Daniel, Lucius"
30330,High Dragon Bump,"Thompson, Don"
31922,Felony,"Causey, James"
38517,"The Front Yard, and Other Italian Stories","Woolson, Constance Fenimore"
51434,An Elephant for the Prinkip,"Stecher, L. J., Jr."
56425,The Mountain of Fears,"Rowland, Henry C. (Henry Cottrell)"
60743,Cultural Exchange,"Bone, Jesse F. (Jesse Franklin)"
68203,Don't look now,"Kuttner, Henry"
69213,The 13th juror,"Waltham, Leslie"
71197,The haunter of the ring,"Howard, Robert E. (Robert Ervin)"
22171,The Radiant Shell,"Ernst, Paul"
24121,As Long As You Wish,"O'Keefe, John"
28063,The Next Logical Step,"Bova, Ben"
29704,Masterpieces of Mystery in Four Volumes: Riddle Stories,
29911,"The Strand Magazine, Vol. 05, Issue 25, January 1893: An Illustrated Monthly",Various
29989,The Outbreak of Peace,"Fyfe, H. B. (Horace Bowne)"
32802,Tillie,"Phillips, Rog"
45745,The Heart of the Wild: Nature Studies from Near and Far,"Bensusan, S. L. (Samuel Levy)"
50103,The Dwindling Years,"Del Rey, Lester"
51168,Operation Distress,"Del Rey, Lester"
59703,Nor Dust Corrupt,"McConnell, James V."
61194,"Maid Marian, and Other Stories","Seawell, Molly Elliot"
61254,Transient,"Harris, William"
65906,My Story That I Like Best,"Ferber, Edna; Cobb, Irvin S. (Irvin Shrewsbury); Curwood, James Oliver; Kyne, Peter B. (Peter Bernard); Nicholson, Meredith; Witwer, H. C. (Harry Charles)"
68743,Spaceman's luck,"Smith, George O. (George Oliver)"
1306,Seven Men [Excerpts],"Beerbohm, Max, Sir"
5403,Short Stories for English Courses,
16556,Short Story Classics (American) Vol. 2,
17601,Masques & Phases,"Ross, Robert Baldwin"
22882,Image of the Gods,"Nourse, Alan Edward"
24276,The Coffin Cure,"Nourse, Alan Edward"
27934,"It, and Other Stories","Morris, Gouverneur"
33850,The Slizzers,"Bixby, Jerome"
47373,"The Strand Magazine, Vol. 07, Issue 38, February, 1894: An Illustrated Monthly",Various
48095,"Back o' the Moon, and other stories","Onions, Oliver"
51531,With These Hands,"Kornbluth, C. M. (Cyril M.)"
60780,"Silas X. Floyd's Short Stories for Colored People Both Old and Young: Entertaining, Uplifting, Interesting","Floyd, Silas Xavier"
64808,Modern Swedish Masterpieces: Short Stories,"Heidenstam, Verner von; Söderberg, Hjalmar; Hallström, Per; Siwertz, Sigfrid"
70578,"Short story classics (Foreign), Vol. 2, Italian and Scandinavian",
73381,"The Black Cat, Vol. I, No. 7, April 1896",Various
75516,A book of dear dead women,"Underwood, Edna Worthley"
8129,A Dreamer's Tales,"Dunsany, Lord"
11392,"Not Pretty, but Precious; And Other Short Stories",
32324,"Sam, This Is You","Leinster, Murray"
32344,Pet Farm,"Aycock, Roger D."
44147,The Great American Pie Company,"Butler, Ellis Parker"
47375,"The Strand Magazine, Vol. 07, Issue 40, April, 1894: An Illustrated Monthly",Various
51713,Metamorphosis,"De Vet, Charles V."
60427,Introducing Irony: A Book of Poetic Short Stories and Poems,"Bodenheim, Maxwell"
72326,Chains : $b lesser novels and stories,"Dreiser, Theodore"
22227,The 4-D Doodler,"Waldeyer, Graph"
22477,"Wintry Peacock: From ""The New Decameron"", Volume III.","Lawrence, D. H. (David Herbert)"
25058,Foster's Letter of Marque: A Tale of Old Sydney: 1901,"Becke, Louis"
28804,Oswald Bastable and Others,"Nesbit, E. (Edith)"
29662,The Moon is Green,"Leiber, Fritz"
33196,Five Minutes' Stories,"Molesworth, Mrs."
58165,When You Were a Boy,"Sabin, Edwin L. (Edwin Legrand)"
58735,Peace,"Arkawy, Norman; Henig, Stanley"
60412,Rx,"Nourse, Alan Edward"
61333,The Shipshape Miracle,"Simak, Clifford D."
75691,The beating heart,"Cross, Victoria"
978,The Yates Pride: A Romance,"Freeman, Mary Eleanor Wilkins"
9230,"P.'s Correspondence (From ""Mosses from an Old Manse"")","Hawthorne, Nathaniel"
23198,With No Strings Attached,"Garrett, Randall"
30728,Oneness,"Schmitz, James H."
31701,Noble Redman,"Bone, Jesse F. (Jesse Franklin)"
32149,Unbegotten Child,"Marks, Winston K. (Winston Kinney)"
32321,The Book,"Shaara, Michael"
39987,The Flower of Forgiveness,"Steel, Flora Annie Webster"
41573,South-Sea Idyls,"Stoddard, Charles Warren"
48729,"The Strand Magazine, Vol. 17, No. 97, January to June 1899: An Illustrated Monthly",Various
60482,"Steve Brown's Bunyip, and Other Stories","Barry, John Arthur"
61204,The Recruit,"Walton, Bryce"
2508,Stories in Light and Shadow,"Harte, Bret"
9228,"The Christmas Banquet (From ""Mosses from an Old Manse"")","Hawthorne, Nathaniel"
15300,Mike Flannery On Duty and Off,"Butler, Ellis Parker"
18750,Wandering Heath,"Quiller-Couch, Arthur"
19202,Cicely and Other Stories,"Johnston, Annie F. (Annie Fellows)"
21460,"The Ferryman of Brill, and Other Stories","Kingston, William Henry Giles"
31840,Ring Once for Death,"Arthur, Robert"
32744,The Valley,"Stockham, Richard"
50945,Point of Departure,"Shelton, Vaughan"
60442,Captain Peabody,"Phillips, Rog"
60452,"Off Sandy Hook, and other stories","Dehan, Richard"
2642,Back Home,"Wood, Eugene"
6991,Across the Years,"Porter, Eleanor H. (Eleanor Hodgman)"
22713,With The Eyes Shut: 1898,"Bellamy, Edward"
23356,A Struggle For Life,"Aldrich, Thomas Bailey"
37235,"The Black Poodle, and Other Tales","Anstey, F."
51650,Innocent at Large,"Anderson, Poul; Anderson, Karen"
54106,Neighbours on the Green,"Oliphant, Mrs. (Margaret)"
61128,Seven-Day Terror,"Lafferty, R. A."
64396,"The private life, The wheel of time, Lord Beaupré, The visits, Collaboration, Owen Wingrave.","James, Henry"
74071,"Short-story masterpieces, Vol. 3 : $b Russian",
1620,The Lion and the Unicorn,"Davis, Richard Harding"
8506,"In Exile, and Other Stories","Foote, Mary Hallock"
21627,Gambler's World,"Laumer, Keith"
23357,Miss Mehetabel's Son,"Aldrich, Thomas Bailey"
24949,Control Group,"Aycock, Roger D."
33519,"The Nest, The White Pagoda, The Suicide, A Forsaken Temple, Miss Jones and the Masterpiece","Sedgwick, Anne Douglas"
33662,"A Republic Without a President, and Other Stories","Ward, Herbert D. (Herbert Dickinson)"
                                                                                                                                                                                                                                                                                                                                                                                                                                                                                                                                                                                                                                                                                                                                                                                                                                                                                                                                                                                                                                                                                                                                                                                                                                                                                                                                                                                                                                                                                                                                                                                                                                                                                                                                                                                                                                                                                                                                                                                                                                                                                                                                                                                                                                                                                                                                                                                                                                                                                                                                                                                                                                                                                                                                                                                                                                                                                                                                                                                                                                                                                                                                                                                                                                                                                                                                                                                                                                                                                                                                                                                                                                                                                                                                                                                                                                                                                                                                                                                                                                                                                                                                                                                                                                                                                                                                                                                                                                                                                                                                                                                                                                                                                                                                                                                                                                                                                                                                                                                                                                                                                                                                                                                                                                                                                                                                                                                                                                                                                                                                                                                                                                                                                                                                                                                                                                                                                                                                                                                                                                                                                                                                                                                                                                                                                                                                                                                                                                                                                                                                                                                                                                                                                                                                                                                                                                                                                                                                                                                                                                                                                                                                                                                                                                                                                                                                                                                                                                                                                                                                                                                                                                                                                                                                                                                                                                                                                                                                                                                                                                                                                                                                                                                                                                                                                                                                                                                                                                                                                                                                                                                                                                                                                                                                                                                                                                                                                                                                                                                                                                                                                                                                                                                                                                                                                                                                                                                                                                                                                                                                                                                                                                                                                                                                                                                                                                                                                                                                                                                                                                                                                                                                                                                                                                                                                                                                                                                                                                                                                                                                                                                                                                                                                                                                                                                                                                                                                                                                                                                                                                                                                                                                                                                                                                                                                                                                                                                                                                                                                                                                                                                                                                                                                                                                                                                                                                                                                                                                                                                                                                                                                                                                                                                                                                                                                                                                                                                                                                                                                                                                                                                                                                                                                                                                                                                                                                                                                                                                                                                                                                                                                                                                                                                                                                                                                                                                                                                                                                                                                                                                                                                                                                                                                                                                                                                                                                                                                                                                                                                                                                                                                                                                                                                                                                                                                                                                                                                                                                                                                                                                                                                                                                                                                                                                                                                                                                                                                                                                                                                                                                                                                                                                                                                                                                                                                                                                                                                                                                                                                                                                                                                                                                                                                                                                                                                                                                                                                                                                                                                                                                                                                                                                                                                                                                                                                                                                                                                                                                                                                                                                                                                                                                                                                                                                                                                                                                                                                                                                                                                                                                                                                                                                                                                                                                                                                                                                                                                                                                                                                                                                                                                                                                                                                                                                                                                                                                                                                                                                                                                                                                                                                                                                                                                                                                                                                                                                                                                                                                                                                                                                                                                                                                                                                                                                                                                                                                                                                                                                                                                                                                                                                                                                                                                                                                                                                                                                                                                                                                                                                                                                                                                                                                                                                                                                                                                                                                                                                                                                                                                                                                                                                                                                                                                                                                                                                                                                                                                                                                                                                                                                                                                                                                                                                                                                                                                                                                                                                                                                                                                                                                                                                                                                                                                                                                                                                                                                                                                                                                                                                                                                                                                                                                                                                                                                                                                                                                                                                                                                                                                                                                                                                                                                                                                                                                                                                                                                                                                                                                                                                                                                                                                                                                                                                                                                                                                                                                                                                                                                                                                                                                                                                                                                                                                                                                                                                                                                                                                                                                                                                                                                                                                                                                                                                                                                                                                                                                                                                                                                                                                                                                                                                                                                                                                                                                                                                                                                                                                                                                                                                                                                                                                                                                                                                                                                                                                                                                                                                                                                                                                                                                                                                                                                                                                                                                                                                                                                                                                                                                                                                                                                                                                                                                                                                                                                                                                                                                                                                                                                                                                                                                                                                                                                                                                                                                                                                                                                                                                                                                                                                                                                                                                                                                                                                                                                                                                                                                                                                                                                                                                                                                                                                                                                                                                                                                                                                                                                                                                                                                                                                                                                                                                                                                                                                                                                                                                                                                                                                                                                                                                                                                                                                                                                                                                                                                                                                                                                                                                                                                                                                                                                                                                                                                                                                                                                                                                                                                                                                                                                                                                                                                                                                                                                                                                                                                                                                                                                                                                                                                                                                                                                                                                                                                                                                                                                                                                                                                                                                                                                                                                                                                                                                                                                                                                                                                                                                                                                                                                                                                                                                                                                                                                                                                                                                                                                                                                                                                                                                                                                                                                                                                                                                                                                                                                                                                                                                                                                                                                                                                                                                                                                                                                                                                                                                                                                                                                                                                                                                                                                                                                                                                                                                                                                                                                                                                                                                                                                                                                                                                                                                                                                                                                                                                                                                                                                                                                                                                                                                                                                                                                                                                                                                                                                                                                                                                                                                                                                                                                                                                                                                                                                                                                                                                                                                                                                                                                                                                                                                                                                                                                                                                                                                                                                                                                                                                                                                                                                                                                                                                                                                                                                                                                                                                                                                                                                                                                                                                                                                                                                                                                                                                                                                                                                                                                                                                                                                                                                                                                                                                                                                                                                                                                                                                                                                                                                                                                                                                                                                                                                                                                                                                                                                                                                                                                                                                                                                                                                                                                                                                                                                                                                                                                                                                                                                                                                                                                                                                                                                                                                                                                                                                                                                                                                                                                                                                                                                                                                                                                                                                                                                                                                                                                                                                                                                                                                                                                                                                                                                                                                                                                                                                                                                                                                                                                                                                                                                                                                                                                                                                                                                                                                                                                                                                                                                                                                                                                                                                                                                                                                                                                                                                                                                                                                                                                                                                                                                                                                                                                                                                                                                                                                                                                                                                                                                                                                                                                                                                                                                                                                                                                                                                                                                                                                                                                                                                                                                                                                                                                                                                                                                                                                                                                                                                                                                                                                                                                                                                                                                                                                                                                                                                                                                                                                                                                                                                                                                                                                                                                                                                                                                                                                                                                                                                                                                                                                                                                                                                                                                                                                                                                                                                                                                                                                                                                                                                                                                                                                                                                                                                                                                                                                                                                                                                                                                                                                                                                                                                                                                                                                                                                                                                                                                                                                                                                                                                                                                                                                                                                                                                                                                                                                                                                                                                                                                                                                                                                                                                                                                                                                                                                                                                                                                                                                                                                                                                                                                                                                                                                                                                                                                                                                                                                                                                                                                                                                                                                                                                                                                                                                                                                                                                                                                                                                                                                                                                                                                                                                                                                                                                                                                                                                                                                                                                                                                                                                                                                                                                                                                                                                                                                                                                                                                                                                                                                                                                                                                                                                                                                                                                                                                                                                                                                                                                                                                                                                                                                                                                                                                                                                                                                                                                                                                                                                                                                                                                                                                                                                                                                                                                                                                                                                                                                                                                                                                                                                                                                                                                                                                                                                                                                                                                                                                                                                                                                                                                                                                                                                                                                                                                                                                                                                                                                                                                                                                                                                                                                                                                                                                                                                                                                                                                                                                                                                                                                                                                                                                                                                                                                                                                                                                                                                                                                                                                                                                                                                                                                                                                                                                                                                                                                                                                                                                                                                                                                                                                                                                                                                                                                                                                                                                                                                                                                                                                                                                                                                                                                                                                                                                                                                                                                                                                                                                                                                                                                                                                                                                                                                                                                                                                                                                                                                                                                                                                                                                                                                                                                                                                                                                                                                                                                                                                                                                                                                                                                                                                                                                                                                                                                                                                                                                                                                                                                                                                                                                                                                                                                                                                                                                                                                                                                                                                                                                                                                                                                                                                                                                                                                                                                                                                                                                                                                                                                                                                                                                                                                                                                                                                                                                                                                                                                                                                                                                                                                                                                                                                                                                                                                                                                                                                                                                                                                                                                                                                                                                                                                                                                                                                                                                                                                                                                                                                                                                                                                                                                                                                                                                                                                                                                                                                                                                                                                                                                                                                                                                                                                                                                                                                                                                                                                                                                                                                                                                                                                                                                                                                                                                                                                                                                                                                                                                                                                                                                                                                                                                                                                                                                                                                                                                                                                                                                                                                                                                                                                                                                                                                                                                                                                                                                                                                                                                                                                                                                                                                                                                                                                                                                                                                                                                                                                                                                                                                                                                                                                                                                                                                                                                                                                                                                                                                                                                                                                                                                                                                                                                                                                                                                                                                                                                                                                                                                                                                                                                                                                                                                                                                                                                                                                                                                                                                                                                                                                                                                                                                                                                                                                                                                                                                                                                                                                                                                                                                                                                                                                                                                                                                                                                                                                                                                                                                                                                                                                                                                                                                                                                                                                                                                                                                                                                                                                                                                                                                                                                                                                                                                                                                                                                                                                                                                                                                                                                                                                                                                                                                                                                                                                                                                                                                                                                                                                                                                                                                                                                                                                                                                                                                                                                                                                                                                                                                                                                                                                                                                                                                                                                                                                                                                                                                                                                                                                                                                                                                                                                                                                                                                                                                                                                                                                                                                                                                                                                                                                                                                                                                                                                                                                                                                                                                                                                                                                                                                                                                                                                                                                                                                                                                                                                                                                                                                                                                                                                                                                                                                                                                                                                                                                                                                                                                                                                                                                                                                                                                                                                                                                                                                                                                                                                                                                                                                                                                                                                                                                                                                                                                                                                                                                                                                                                                                                                                                                                                                                                                                                                                                                                                                                                                                                                                                                                                                                                                                                                                                                                                                                                                                                                                                                                                                                                                                                                                                                                                                                                                                                                                                                                                                                                                                                                                                                                                                                                                                                                                                                                                                                                                                                                                                                                                                                                                                                                                                                                                                                                                                                                                                                                                                                                                                                                                                                                                                                                                                                                                                                                                                                                                                                                                                                                                                                                                                                                                                                                                                                                                                                                                                                                                                                                                                                                                                                                                                                                                                                                                                                                                                                                                                                                                                                                                                                                                                                                                                                                                                                                                                                                                                                                                                                                                                                                                                                                                                                                                                                                                                                                                                                                                                                                                                                                                                                                                                                                                                                                                                                                                                                                                                                                                                                                                                                                                                                                                                                                                                                                                                                                                                                                                                                                                                                                                                                                                                                                                                                                                                                                                                                                                                                                                                                                                                                                                                                                                                                                                                                                                                                                                                                                                                                                                                                                                                                                                                                                                                                                                                                                                                                                                                                                                                                                                                                                                                                                                                                                                                                                                                                                                                                                                                                                                                                                                                                                                                                                                                                                                                                                                                                                                                                                                                                                                                                                                                                                                                                                                                                                                                                                                                                                                                                                                                                                                                                                                                                                                                                                                                                                                                                                                                                                                                                                                                                                                                                                                                                                                                                                                                                                                                                                                                                                                                                                                                                                                                                                                                                                                                                                                                                                                                                                                                                                                                                                                                                                                                                                                                                                                                                                                                                                                                                                                                                                                                                                                                                                                                                                                                                                                                                                                                                                                                                                                                                                                                                                                                                                                                                                                                                                                                                                                                                                                                                                                                                                                                                                                                                                                                                                                                                                                                                                                                                                                                                                                                                                                                                                                                                                                                                                                                                                                                                                                                                                                                                                                                                                                                                                                                                                                                                                                                                                                                                                                                                                                                                                                                                                                                                                                                                                                                                                                                                                                                                                                                                                                                                                                                                                                                                                                                                                                                                                                                                                                                                                                                                                                                                                                                                                                                                                                                                                                                                                                                                                                                                                                                                                                                                                                                                                                                                                                                                                                                                                                                                                                                                                                                                                                                                                                                                                                                                                                                                                                                                                                                                                                                                                                                                                                                                                                                                                                                                                                                                                                                                                                                                                                                                                                                                                                                                                                                                                                                                                                                                                                                                                                                                                                                                                                                                                                                                                                                                                                                                                                                                                                                                                                                                                                                                                                                                                                                                                                                                                                                                                                                                                                                                                                                                                                                                                                                                                                                                                                                                                                                                                                                                                                                                                                                                                                                                                                                                                                                                                                                                                                                                                                                                                                                                                                                                                                                                                                                                                                                                                                                                                                                                                                                                                                                                                                                                                                                                                                                                                                                                                                                                                                                                                                                                                                                                                                                                                                                                                                                                                                                                                                                                                                                                                                                                                                                                                                                                                                                                                                                                                                                                                                                                                                                                                                                                                                                                                                                                                                                                                                                                                                                                                                                                                                                                                                                                                                                                                                                                                                                                                                                                                                                                                                                                                                                                                                                                                                                                                                                                                                                                                                                                                                                                                                                                                                                                                                                                                                                                                                                                                                                                                                                                                                                                                                                                                                                                                                                                                                                                                                                                                                                                                                                                                                                                                                                                                                                                                                                                                                                                                                                                                                                                                                                                                                                                                                                                                                                                                                                                                                                                                                                                                                                                                                                                                                                                                                                                                                                                                                                                                                                                                                                                                                                                                                                                                                                                                                                                                                                                                                                                                                                                                                                                                                                                                                                                                                                                                                                                                                                                                                                                                                                                                                                                                                                                                                                                                                                                                                                                                                                                                                                                                                                                                                                                                                                                                                                                                                                                                                                                                                                                                                                                                                                                                                                                                                                                                                                                                                                                                                                                                                                                                                                                                                                                                                                                                                                                                                                                                                                                                                                                                                                                                                                                                                                                                                                                                                                                                                                                                                                                                                                                                                                                                                                                                                                                                                                                                                                                                                                                                                                                                                                                                                                                                                                                                                                                                                                                                                                                                                                                                                                                                                                                                                                                                                                                                                                                                                                                                                                                                                                                                                                                                                                                                                                                                                                                                                                                                                                                                                                                                                                                                                                                                                                                                                                                                                                                                                                                                                                                                                                                                                                                                                                                                                                                                                                                                                                                                                                                                                                                                                                                                                                                                                                                                                                                                                                                                                                                                                                                                                                                                                                                                                                                                                                                                                                                                                                                                                                                                                                                                                                                                                                                                                                                                                                                                                                                                                                                                                                                                                                                                                                                                                                                                                                                                                                                                                                                                                                                                                                                                                                                                                                                                                                                                                                                                                                                                                                                                                                                                                                                                                                                                                                                                                                                                                                                                                                                                                                                                                                                                                                                                                                                                                                                                                                                                                                                                                                                                                                                                                                                                                                                                                                                                                                                                                                                                                                                                                                                                                                                                                                                                                                                                                                                                                                                                                                                                                                                                                                                                                                                                                                                                                                                                                                                                                                                                                                                                                                                                                                                                                                                                                                                                                                                                                                                                                                                                                                                                                                                                                                                                                                                                                                                                                                                                                                                                                                                                                                                                                                                                                                                                                                                                                                                                                                                                                                                                                                                                                                                                                                                                                                                                                                                                                                                                                                                                                                                                                                                                                                                                                                                                                                                                                                                                                                                                                                                                                                                                                                                                                                                                                                                                                                                                                                                                                                                                                                                                                                                                                                                                                                                                                                                                                                                                                                                                                                                                                                                                                                                                                                                                                                                                                                                                                                                                                                                                                                                                                                                                                                                                                                                                                                                                                                                                                                                                                                                                                                                                                                                                                                                                                                                                                                                                                                                                                                                                                                                                                                                                                                                                                                                                                                                                                                                                                                                                                                                                                                                                                                                                                                                                                                                                                                                                                                                                                                                                                                                                                                                                                                                                                                                                                                                                                                                                                                                                                                                                                                                                                                                                                                                                                                                                                                                                                                                                                                                                                                                                                                                                                                                                                                                                                                                                                                                                                                                                                                                                                                                                                                                                                                                                                                                                                                                                                                                                                                                                                                                                                                                                                                                                                                                                                                                                                                                                                                                                                                                                                                                                                                                                                                                                                                                                                                                                                                                                                                                                                                                                                                                                                                                                                                                                                9219,"Edward Fane's Rosebud (From ""Twice Told Tales"")","Hawthorne, Nathaniel"
10025,Gaslight Sonatas,"Hurst, Fannie"
24865,The Premiere,"Sabia, Richard"
25109,Susâni: 1901,"Becke, Louis"
29947,Spacemen Never Die!,"Hershman, Morris"
32782,Success Story,"Turner, Robert"
40648,On the Lightship,"Vielé, Herman Knickerbocker"
61919,Dead Man's Planet,"Winterbotham, R. R. (Russell Robert)"
61943,The Victory of Klon,"Peacock, Wilbur S."
61952,Spawn of the Venus Sea,"Walton, Harry"
62078,Queen of the Blue World,"Wells, Basil"
62260,Trouble on Tycho,"Bond, Nelson S."
63613,The Space Between,"Gilbert, Robert E."
63758,The Moon and the Sun,"McKimmey, James"
64141,Slay-Ride,"Marks, Winston K. (Winston Kinney)"
64445,Cosmic Castaway,"Mullen, Stanley"
64803,In the Earth's Shadow,"Chapman, John L. (John Leslie)"
64874,Space Blackout,"Carson, Sam"
65666,Bleekman's Planet,"Garrett, Randall; Silverberg, Robert"
65768,Trouble on Sun-side,"Tenneshaw, S. M."
67464,Kadjaman,"Stacpoole, H. De Vere (Henry De Vere)"
68700,The Ring bonanza,"Binder, Otto"
69907,A Viking's love: and other tales of the North,"Liljencrantz, Ottilie A. (Ottilia Adelina)"
70069,A little child,"Cummins, Mary Hornibrook"
71584,"Rockabye, Grady","Mason, David"
73355,The deadly ones,"Wallace, F. L. (Floyd L.)"
73987,Rivals of the clouds,"Whitfield, Raoul"
74101,The Street of the Eye : $b and nine other tales,"Bullett, Gerald"
9223,"Fire Worship (From ""Mosses from an Old Manse"")","Hawthorne, Nathaniel"
11452,"Stories by American Authors, Volume 6",Various
27383,Master of None,"Goble, Neil"
28460,Bolden's Pets,"Wallace, F. L. (Floyd L.)"
63028,Reinstern,"Richberg, Eloise O. Randall"
63475,The Brides of Ool,"Cummings, Monette"
63687,The Geisha Memory,"Marks, Winston K. (Winston Kinney)"
63861,The Wheel is Death,"Aycock, Roger D."
64265,Crash Beam,"Barrett, John"
65730,World of the Hunter,"Marlowe, Stephen"
66143,Paradise Planet,"Shaver, Richard S."
66292,The Sling and the Stone,"Shaara, Michael"
66360,John's Other Practice,"Marks, Winston K. (Winston Kinney)"
66733,The Obedient Servant,"Tenneshaw, S. M."
66753,Traitor's Choice,"Fairman, Paul W."
67324,Placebo,"Mason, David"
70388,Remember the 4th!,"Loomis, Noel M."
71939,Gratitude,"Norton, Roy"
72942,Rhythm rides the rocket,"Olsen, Bob"
10360,Kitty's Class Day and Other Stories,"Alcott, Louisa May"
12160,"His other self [Night watches, Part 10.]","Jacobs, W. W. (William Wymark)"
26743,The Putnam Tradition,"Dorman, Sonya"
61826,Beyond Light,"Bond, Nelson S."
62348,Assignment on Venus,"Jacobi, Carl"
63015,Masterpieces of Adventure—Oriental Stories,
63652,The Violators,"Binder, Eando"
64835,Tigre and Isola,"Thompson, Will H."
65298,The Gift,"Sturgis, Melvin"
65388,Skid Row Pilot,"Garrett, Randall"
66601,A Point of Testimony,"Wells, Carolyn"
66752,Gunnison's Bonanza,"Purcell, Dick"
68373,The Gently Orbiting Blonde,"Peterson, John Victor"
68450,"Easy come, easy go","Sabin, Edwin L. (Edwin Legrand)"
69238,The rogue waveform,"Stockheker, R. W. (Ralph Walter)"
69268,Over the border,"Robertson, Morgan"
70501,Moon of memory,"Walton, Bryce"
71869,Note for a time capsule,"Wellen, Edward"
73217,Mission,"Mason, John Hollis"
9234,"The Old Apple Dealer (From ""Mosses from an Old Manse"")","Hawthorne, Nathaniel"
32582,Of Stegner's Folly,"Shaver, Richard S."
34576,By Violence,"Trevena, John"
61902,"How Salvator Won, and Other Recitations","Wilcox, Ella Wheeler"
64173,The Fatal Third,"Thomas, Theodore L."
65230,The Mistake of Christopher Columbus,"Archer, Jules"
66713,Selling Point,"Arkawy, Norman"
66714,The Cosmic Snare,"Marlowe, Stephen"
66732,Mystery at Mesa Flat,"Jorgensen, Ivar"
71377,Maurice and the bay mare,"Knibbs, Henry Herbert"
72537,Divvy up,"Marlowe, Stephen"
73175,Static,"West, Wallace"
73326,Mr. Caxton draws a Martian bird,"Long, Frank Belknap"
73556,Especially dance hall women,"Ellerbe, Alma; Ellerbe, Paul"
73868,Box-garden,"Lang, Allen Kim"
74700,My toughest trip,"Reading, Robert William"
6189,"Northern Lights, Volume 4.","Parker, Gilbert"
15156,Balloons,"Bibesco, Elizabeth"
16194,Corporal Sam and Other Stories,"Quiller-Couch, Arthur"
24155,Lady Bountiful,"Birmingham, George A."
30468,"Holes, Incorporated","Reynolds, L. Major"
31306,Bride of the Dark One,"Brown, Florence Verbell"
32284,The Hitch Hikers,"McCain, Vernon L."
61872,Treasure of Triton,"Baker, Charles A."
63473,Dust Unto Dust,"Hinckley, Lyman D."
63975,Tydore's Gift,"Coppel, Alfred"
68256,Rat Race,"Smith, George O. (George Oliver)"
68748,Peacemaker,"Nourse, Alan Edward"
70349,When the squadron dropped anchor,"Burtis, Thomson"
72148,The satellite-keeper's daughter,"Reinsberg, Mark"
73248,Magic,"Stacpoole, H. De Vere (Henry De Vere)"
73569,"Comfortable Mrs. Crook, and other sketches","Lamb, Ruth"
74149,A hat in the radio ring,"Smith, Garret"
6180,"A Romany of the Snows, vol. 1: Being a Continuation of the Personal Histories of ""Pierre and His People"" and the Last Existing Records of Pretty Pierre","Parker, Gilbert"
6187,"Northern Lights, Volume 2.","Parker, Gilbert"
12152,"Keeping watch [Night watches, Part 2.]","Jacobs, W. W. (William Wymark)"
27756,Revenge,"Porges, Arthur"
33212,The Underpup,"Wylie, I. A. R. (Ida Alexa Ross)"
61877,Dangerous Dilemmas: Startling but True,"Peddie, James Anderson"
63442,Double Trouble,"Jacobi, Carl"
63609,Beer-Trust Busters,"Stuart, A. R."
64270,Asteroid Justice,"Thiessen, V. E."
64646,Goma's Follicles,"De Courcy, John; De Courcy, Dorothy"
64827,Yesterday's Revenge,"Nichols, H. L."
64863,Lie on the Beam,"Peterson, John Victor"
65100,The Builders,"Holden, Fox B."
66142,Preferred Position,"Dryfoos, Dave"
66698,Not in the Script,"Marmor, Arnold"
67357,The Missionary Sheriff: Being incidents in the life of a plain man who tried to do his duty,"Thanet, Octave"
67457,Death in Transit,"Sohl, Jerry"
68867,The unique story book,Anonymous
70475,Atomic bonanza,"Smith, George O. (George Oliver)"
72402,The Klygha,"Fyfe, H. B. (Horace Bowne)"
72483,The vertigo hook,"Ashby, Richard"
74124,In the line of duty,"Greene, H. P. S. (Henry Paul Stevens)"
11603,The House of Cobwebs and Other Stories,"Gissing, George"
12095,More Bywords,"Yonge, Charlotte M. (Charlotte Mary)"
30386,The One and the Many,"Marlowe, Stephen"
35867,"Tales from ""Blackwood,"" Volume 9",Various
61434,Mightiest Qorn,"Laumer, Keith"
65128,The Miserly Robot,"Rice, R. J."
65177,Come Into My Brain!,"Silverberg, Robert"
65181,Prisoner of War,"Garrett, Randall"
66245,Ticket to the Stars,"Banks, Raymond E."
66832,Tied Up for Tombstone,"Tuttle, W. C. (Wilbur C.)"
67325,Kid Stuff,"Marks, Winston K. (Winston Kinney)"
67934,"The Black Cat (Vol. I, No. 2, November 1895)",Various
68827,Climate—disordered,"Merwin, Sam"
70671,Harvard episodes,"Flandrau, Charles Macomb"
71349,The shotgun princess,"Rouse, William Merriam"
73619,One good turn,"Sinclair, Bertrand W."
74137,The closed door,"Wilson, John Fleming; Miller, Mary Ashe"
2138,The Day's Work - Part 1,"Kipling, Rudyard"
9232,"Passages from a Relinquished Work (From ""Mosses from an Old Manse"")","Hawthorne, Nathaniel"
14115,Quatre contes de Prosper Mérimée,"Mérimée, Prosper"
29272,No Hiding Place,"Smith, Richard Rein"
61717,The Space Flame,"Phillips, Alexander M. (Alexander Moore)"
63683,Color Blind,"Stearns, Charles A."
64530,Spacemen are born,"Branham, Bolling"
65076,Pastorals of Dorset,"Francis, M. E."
65126,An Eel by the Tail,"Lang, Allen Kim"
66138,Guaranteed—Forever!,"Robinson, Frank M."
66258,Raw Material,"Fisher, Dorothy Canfield"
66396,Danger in the Void,"Fritch, Charles E."
66434,Let Space Be Your Coffin,"Tenneshaw, S. M."
67341,Traumerei,"Beaumont, Charles"
67697,Tales from a Dugout,"Empey, Arthur Guy"
68942,Red stripes,"Pendexter, Hugh"
69140,"Remember me, Kama!","Kubilius, Walter"
3380,Staccato Notes of a Vanished Summer (from Literature and Life),"Howells, William Dean"
3717,The Parson's Daughter of Oxney Colne,"Trollope, Anthony"
15089,The Deserter,"Davis, Richard Harding"
17932,The Second Class Passenger: Fifteen Stories,"Gibbon, Perceval"
28450,Stopover,"Gerken, William"
55257,At Close Range,"Smith, Francis Hopkinson"
63304,Double-Cross,"Pohl, Frederik"
63799,Tepondicon,"Jacobi, Carl"
64474,Planet in Reverse,"Guth, Henry"
64640,Machine of Klamugra,"Lang, Allen Kim"
64854,"Little Dinners With the Sphinx, and Other Prose Fancies","Le Gallienne, Richard"
66151,Lesson for Today,"Nydahl, Joel"
66289,The Man Who Made the World,"Matheson, Richard"
66833,Stepping Westward,"Francis, M. E."
68559,Sequel,"Smith, Ben"
72241,"The willow weaver, and seven other tales","Wood, Michael"
73354,A world to die for,"Carson, Sam"
74130,Prize of the air,"Conlon, Ben"
74162,The recalcitrant,"Goldstein, Evelyn"
5320,Taken Alive,"Roe, Edward Payson"
41132,"The Bomb-Makers: Being Some Curious Records Concerning the Craft and Cunning of Theodore Drost, an Enemy Alien in London, Together with Certain Revelations Regarding His Daughter Ella","Le Queux, William"
41816,Ann Arbor Tales,"Harriman, Karl Edwin"
61669,The Valley of the Shadow,"McNeile, H. C. (Herman Cyril)"
61870,The Monster That Threatened the Universe,"Winterbotham, R. R. (Russell Robert)"
63713,Land Beyond the Flame,"Goldstein, Evelyn"
64797,The Oversight,"Breuer, Miles J. (Miles John)"
68975,The crimp,"Leverage, Henry"
71382,Hold fast,A. L. O. E.
73484,The lucky little stiff,"Greene, H. P. S. (Henry Paul Stevens)"
74214,Cupid and the law : $b a collection of short stories,"Soares, Rae"
76177,Storm,"Jamieson, Leland"
23153,The Big Bounce,"Tevis, Walter S."
24973,The Sun King,"Derreaux, Gaston"
32583,Tape Jockey,"Leahy, Tom"
62199,The Thought-Men of Mercury,"Winterbotham, R. R. (Russell Robert)"
65221,The Martians and the Coys,"Reynolds, Mack"
66379,Birthday Present,"Marmor, Arnold"
66461,Never Gut-Shoot a Wampus,"Marks, Winston K. (Winston Kinney)"
70148,Time for survival,"Smith, George O. (George Oliver)"
71873,In old Narragansett; romances and realities,"Earle, Alice Morse"
73231,The Great Implication,"Lee, Stanley R."
73541,Into the blue,"Austin, F. Britten (Frederick Britten)"
6175,Pierre and His People: Tales of the Far North. Volume 2.,"Parker, Gilbert"
31194,"Stories by American Authors, Volume 9",Various
63869,Ordeal in Space,"Sloan, Ralph"
64217,Death Star,"McKimmey, James"
70651,Passion fruit,"Stacpoole, H. De Vere (Henry De Vere)"
70685,"Historical vignettes, 2nd series","Capes, Bernard"
72518,The minister had to wait,"Aycock, Roger D."
72700,"The 'Scots Brigade,' and other tales","Grant, James"
73146,Forbidden flight,"Cohen, Chester"
6188,"Northern Lights, Volume 3.","Parker, Gilbert"
9206,"The Toll Gatherer's Day (From ""Twice Told Tales"")","Hawthorne, Nathaniel"
17398,The Cabman's Story: The Mysteries of a London 'Growler',"Doyle, Arthur Conan"
22876,The Link,"Nourse, Alan Edward"
60683,Baker's Dozens,"Harmon, Jim"
61904,World of Mockery,"Moskowitz, Sam"
62242,Doorway to Destruction,"Hatfield, Garold S."
66283,The Disembodied Man,"Jardine, Jack Owen"
66288,The Fifty-Fourth of July,"Nourse, Alan Edward"
66431,The Missing Disclaimer,"Sackett, Samuel J. (Samuel John)"
66448,The Vegans Were Curious,"Marks, Winston K. (Winston Kinney)"
68529,Firegod,"Budrys, Algis"
73536,The Kink,"Burtis, Thomson"
74759,In the Tennessee mountains,"Craddock, Charles Egbert"
30361,The Stowaway,"Heiner, Alvin"
30416,"Waste Not, Want","Dryfoos, Dave"
64159,Planet of Creation,"Geier, Chester S."
66395,The Queen of Space,"Slotkin, Joseph"
66435,Eight Million Dollars From Mars!,"Marks, Winston K. (Winston Kinney)"
67489,The Wreck of the Mail Steamer,"Grenfell, Wilfred Thomason, Sir"
68268,The loves of Pelleas and Etarre,"Gale, Zona"
69051,Romances of the old town of Edinburgh,"Leighton, Alexander"
70145,The marrying monster,"Stamm, Claus"
72496,The small bears,"Henderson, Gene L."
73072,The somnolence of Somers,"Stratton, Frank N. (Frank Nelson)"
73678,A trick of the mind,"Salton, William P."
74205,My past is mine,"Rhoads, Gerda"
3550,La Mere Bauche: From Tales of All Countries,"Trollope, Anthony"
6326,"Half-Hours with Great Story-Tellers: Artemus Ward, George Macdonald, Max Adeler, Samuel Lover, and Others",Various
12157,"The unknown [Night watches, Part 7.]","Jacobs, W. W. (William Wymark)"
61843,Exit From Asteroid 60,"James, D. L. (Daniel Lewis)"
63638,Electron Eat Electron,"Loomis, Noel M."
63828,The Burnt Planet,"Brittain, William J."
64157,Atavism,"Fennel, Erik"
65770,The Killer,"Oliver, J. T. (Joseph Tombs)"
67242,Tales of the clipper ships,"Smith, C. Fox (Cicely Fox)"
73469,Nerve enough,"Watkins, Richard Howells"
74718,"Miss Ayr of Virginia, & other stories","Magruder, Julia"
6240,"The Lane That Had No Turning, Volume 4","Parker, Gilbert"
10164,"The Black Creek Stopping-House, and Other Stories","McClung, Nellie L."
61755,"O. Henryana: Seven Odds and Ends, Poetry and Short Stories","Henry, O."
63580,The Loot of Cities: Being the Adventures of a Millionaire in Search of Joy (a Fantasia); and Other Stories,"Bennett, Arnold"
65924,"""Hey Ma, Where's Willie?""","Bukstein, I. M."
22846,The Ground-Ash,"Mitford, Mary Russell"
63419,Death Star,"Pace, Tom"
63821,Love Among the Robots,"McDowell, Robert Emmett"
64744,Suicide Command,"Mullen, Stanley"
65240,A Madman on Board,"Silverberg, Robert"
70154,Murderer's chain,"Brown, Wenzell"
74161,"Or Darwin, if you prefer","Hunter, Mel"
75096,Boots : $b a story of the sierra of Peru,"Leinster, Murray"
9838,Strong Hearts,"Cable, George Washington"
23410,The Spinster: 1905,"Hichens, Robert"
63656,The Ultimate World,"Walton, Bryce"
64448,Happy Rain Night,"Evans, Dean"
65771,Yachting Party,"Holden, Fox B."
65933,All Wool,"Tuttle, W. C. (Wilbur C.)"
65959,Earth's Gone to the Dogs!,"McClellan, William J."
68832,In self-defense,"Tuttle, W. C. (Wilbur C.)"
72187,Dear Nan Glanders,"McGavin, Beta"
74635,The minstrel's curse,"Miller, Alex. McVeigh, Mrs."
4948,"Love, the Fiddler","Osbourne, Lloyd"
5728,Stories by Foreign Authors: Italian,
25107,Sarréo: 1901,"Becke, Louis"
44257,Cape Breton Tales,"Smith, Harry James"
51320,Break a Leg,"Harmon, Jim"
63972,The Watchers,"Aycock, Roger D."
65053,Meet Me in Tomorrow,"Geier, Chester S."
71383,The look of the thing and other stories,A. L. O. E.
9212,"Snow Flakes (From ""Twice Told Tales"")","Hawthorne, Nathaniel"
62580,Quest's End,"Wells, Basil"
63891,The Rhizoid Kill,"Bradley, Jack"
65489,It Might Have Happened Otherwise,"Pendexter, Hugh"
70645,Sam Bass,"Cunningham, Eugene"
73558,The thin match,"Whitehead, Henry S. (Henry St. Clair)"
6174,Pierre and His People: Tales of the Far North. Volume 1.,"Parker, Gilbert"
6238,"The Lane That Had No Turning, Volume 2","Parker, Gilbert"
13441,The sunny side,"Milne, A. A. (Alan Alexander)"
30763,Am I Still There?,"Hall, James R."
40697,"Sport Royal, and Other Stories","Hope, Anthony"
64015,Last Call,"Walton, Bryce"
64092,"The Christmas dinner, from ""The sketch book""","Irving, Washington"
64595,Animat,"Wells, Basil"
65537,Harwood's Vortex,"Silverberg, Robert"
65725,Centauri Vengeance,"Marlowe, Stephen"
66209,To Sup With the Devil,"Scholnick, Myron I."
67589,A Message From Our Sponsor,"Slesar, Henry"
6177,Pierre and His People: Tales of the Far North. Volume 4.,"Parker, Gilbert"
6259,"Donovan Pasha, and Some People of Egypt — Volume 4","Parker, Gilbert"
61497,The Eagles Gather,"Kelleam, Joseph E. (Joseph Everidge)"
61811,Quest on Io,"Williams, Robert Moore"
63014,Masterpieces of Adventure—Stories of Desert Places,
63837,Peril Orbit,"Wedlake, C. J."
64625,Sidewinders From Sirius,"Holden, Fox B."
64643,Maru: A Dream of the Sea,"Stacpoole, H. De Vere (Henry De Vere)"
64969,Hold Onto Your Body!,"Lewis, Richard O."
68919,"The promotion of the admiral, and other sea comedies","Roberts, Morley"
23159,Stairway to the Stars,"Shaw, Larry T."
26569,Monkey On His Back,"De Vet, Charles V."
28953,When I Grow Up,"Lowe, Richard E."
61439,The Time of Cold,"Carlson, Mary"
61504,Forever is Not So Long,"Reeds, F. Anton"
62198,Quest of Thig,"Wells, Basil"
63016,Masterpieces of Adventure—Adventures within Walls,
63949,Task to Luna,"Coppel, Alfred"
64076,Out of the Dark Nebula,"Coe, Milton L."
64350,Among the Scented Ones,"Wells, Basil"
66416,Three Spacemen Left to Die!,"Winterbotham, R. R. (Russell Robert)"
70849,Rodeo,"Tuttle, W. C. (Wilbur C.)"
63286,Invader From Infinity,"Whittington, George A."
63676,The Pluto Lamp,"Stearns, Charles A."
63677,The Recluse,"Curry, Mike"
64142,Final Glory,"Hasse, Henry"
71637,The enemy,"Wilson, Richard"
6178,Pierre and His People: Tales of the Far North. Volume 5.,"Parker, Gilbert"
6257,"Donovan Pasha, and Some People of Egypt — Volume 2","Parker, Gilbert"
66282,A Soldier's Home Is Battle,"Stone, Lowell"
66707,Meeting at the Summit,"Jorgensen, Ivar"
66731,Planet of Doom,"Marlowe, Stephen"
72504,Finders keepers,"Marlowe, Stephen"
23173,"How The Raven Died: 1902, From ""Wolfville Nights""","Lewis, Alfred Henry"
64293,Assignment in the Dawn,"Walton, Bryce"
65140,Not in the Rules,"Reynolds, Mack"
66140,Test Problem,"Ramm, Alan J."
67603,The man who liked lions,"Daley, John Bernard"
3381,The Standard Household-Effect Company (from Literature and Life),"Howells, William Dean"
6239,"The Lane That Had No Turning, Volume 3","Parker, Gilbert"
11721,O. Henry Memorial Award Prize Stories of 1920,
61798,Venus Has Green Eyes,"Selwyn, Carl"
63782,Example,"Pace, Tom"
64491,Day of Wrath,"Kirchhoff, Bjarne"
64826,Message from Venus,"Winterbotham, R. R. (Russell Robert)"
64846,The Planet of Illusion,"Wollheim, Donald A."
67682,Stories for Boys,"Davis, Richard Harding"
69257,Time out for redheads,"De Ford, Miriam Allen"
71645,Second census,"Peterson, John Victor"
72029,The man who wouldn't sign up,"Purdom, Tom"
73079,The soul of Henry Jones,"Cummings, Ray"
4594,Home Lights and Shadows,"Arthur, T. S. (Timothy Shay)"
14817,The White Wolf and Other Fireside Tales,"Quiller-Couch, Arthur"
64063,The Bryd,"Loomis, Noel M."
65220,The Answer,"Petaja, Emil"
66144,Milk Run,"Locke, Robert Donald"
67255,The Story of Zephyr: A Christmas Story,"Smith, Jeanie Oliver Davidson"
70426,Men of Marlowe's,"Dudeney, Henry, Mrs."
63398,The Hairy Ones,"Wells, Basil"
65925,Patrol,"Hamling, William L."
66139,The Fugitives,"Morehart, Malcolm B."
74698,A good old scout,"Solomons, Theodore"
5675,The holiday round,"Milne, A. A. (Alan Alexander)"
64415,Mind Worms,"Schere, Moses"
64527,The Bloodhounds of Zirth,"Palmer, Lloyd"
66574,A Matter of Ethics,"Winterbotham, R. R. (Russell Robert)"
66590,Problem Planet,"Winterbotham, R. R. (Russell Robert)"
11437,"Stories by American Authors, Volume 5",
60999,The Seeder,"Williams, Max"
61424,The Customs Lounge,"Proulx, Annie"
64702,Ultimatum,"Aycock, Roger D."
67516,"Object, Matrimony","Bower, B. M."
36707,"Charles' Journey to France, and Other Tales","Barbauld, Mrs. (Anna Letitia)"
40954,Potential Enemy,"Reynolds, Mack"
66529,You Don't Walk Alone,"Robinson, Frank M."
67319,The Ghost in the Red Shirt,"Bower, B. M."
65208,Death Walks on Mars,"Ramm, Alan J."
6256,"Donovan Pasha, and Some People of Egypt — Volume 1","Parker, Gilbert"
65874,This World is Ours!,"Petaja, Emil"
66439,"On Strike, or, Where do the Girls come in?","Glenfield, Edric"
6183,"A Romany of the Snows, vol. 4: Being a Continuation of the Personal Histories of ""Pierre and His People"" and the Last Existing Records of Pretty Pierre","Parker, Gilbert"
69349,"A story of the sawdust: The pathetic history of ""Old Props'"" darling",Anonymous
13667,Bog-Myrtle and Peat: Tales Chiefly of Galloway Gathered from the Years 1889 to 1895,"Crockett, S. R. (Samuel Rutherford)"
66312,Earthmen Die Hard!,"Lewis, Richard O."
66436,Trouble Near the Sun,"Ramm, Alan J."
73356,Too close to the forest,"Walton, Bryce; Reynolds, Al"
63308,"Ronald and I; or, Studies from Life","Pretor, Alfred"
63617,The Ultimate Eve,"Effron, H. Sanford"
65450,The Three Thieves of Japetus,"Reinsberg, Mark"
66428,The Frightful Ones,"Maples, Richard"
62495,"Portland, Oregon, A.D. 1999, and other sketches","Hayes, J. W. (Jeff W.)"
63697,Space-Lane of No-Return,"Whittington, George A."
66134,"Jabberwock, Beware!","Sternbach, Richard A."
72146,Hidden guns,"Patterson, Henry W."
64848,Cosmic Tragedy,"Gardiner, Thomas S."
65348,Barnstormer,"Harris, Tom W."
67254,Out of the Woods,"Holding, Elisabeth Sanxay"
6176,Pierre and His People: Tales of the Far North. Volume 3.,"Parker, Gilbert"
14045,At a Winter's Fire,"Capes, Bernard"
6181,"A Romany of the Snows, vol. 2: Being a Continuation of the Personal Histories of ""Pierre and His People"" and the Last Existing Records of Pretty Pierre","Parker, Gilbert"
6258,"Donovan Pasha, and Some People of Egypt — Volume 3","Parker, Gilbert"
12277,The Delectable Duchy,"Quiller-Couch, Arthur"
6190,"Northern Lights, Volume 5.","Parker, Gilbert"
19467,Little Wizard Stories of Oz,"Baum, L. Frank (Lyman Frank)"
63749,Mimsy's Joke,"Grimes, Millard"
66699,Martyr's Flight,"Searls, Hank"
14480,"Twenty-six and One, and Other Stories","Gorky, Maksim"
63787,The Purple Pariah,"Tustin, Byron"
12859,"Ensign Knightley, and Other Stories","Mason, A. E. W. (Alfred Edward Woodley)"
13135,Pardners,"Beach, Rex"
11501,Laughing Bill Hyde and Other Stories,"Beach, Rex"
12417,Fishin' Jimmy,"Slosson, Annie Trumbull"
66456,Stellar Vengeance,"Freeman, Frank"
14206,I Saw Three Ships and Other Winter Tales,"Quiller-Couch, Arthur"
10454,Tales for Young and Old,Various
12923,The Laird's Luck and Other Fireside Tales,"Quiller-Couch, Arthur"
69279,Come home from Earth,"Hamilton, Edmond"
67506,The Story of Gombi,"Stacpoole, H. De Vere (Henry De Vere)"
62622,Savon saloilta: Kuvauksia ja muistelmia,
